substring, occurences
rx,1
vh,1
vt,1
aee,1
aex,1
aij,1
aix,1
akg,1
apg,1
arx,1
atv,1
avt,1
axu,1
bks,1
bku,1
bpu,1
bvs,1
bze,1
cda,1
cde,1
dci,1
dko,1
dyu,1
ebk,1
eee,1
eqa,1
evh,1
exv,1
eyk,1
fap,1
fbl,1
fco,1
fhu,1
fke,1
fok,1
ftt,1
fyd,1
gds,1
gih,1
gpa,1
gty,1
hez,1
hhh,1
hji,1
hky,1
hml,1
hrj,1
htk,1
ivn,1
iwr,1
iwy,1
ixf,1
jds,1
jeg,1
jii,1
jje,1
jki,1
jym,1
kfs,1
kpu,1
krs,1
kty,1
lfc,1
lhi,1
lpn,1
lvy,1
lxe,1
lzy,1
mcu,1
mds,1
mhs,1
mky,1
nfs,1
nij,1
njy,1
nkv,1
nyk,1
ojk,1
omd,1
pci,1
pff,1
pfs,1
pge,1
php,1
pii,1
pku,1
pna,1
pss,1
qfs,1
qhs,1
qis,1
quh,1
rfw,1
rpw,1
rxi,1
spt,1
swy,1
sze,1
szo,1
szy,1
tvy,1
twp,1
tyb,1
ucd,1
ugy,1
uoa,1
uob,1
uxy,1
vaf,1
vho,1
vly,1
vns,1
voh,1
vta,1
wcy,1
wfr,1
wft,1
wfy,1
wkl,1
woj,1
wuk,1
wwh,1
wwi,1
wyf,1
wyg,1
wys,1
xeu,1
xih,1
xii,1
xlo,1
xls,1
xna,1
xtd,1
xva,1
xyn,1
ycs,1
yib,1
yks,1
yku,1
ylr,1
ysd,1
zaw,1
zhk,1
zii,1
zyb,1
fv,2
gv,2
jd,2
jp,2
jt,2
pz,2
qe,2
qf,2
qh,2
vq,2
vz,2
wv,2
xk,2
xx,2
yq,2
zd,2
zf,2
aab,2
aac,2
aaf,2
abg,2
abv,2
acb,2
acz,2
aeh,2
aek,2
aeq,2
aez,2
afc,2
afh,2
afm,2
afw,2
ahp,2
ahw,2
ajl,2
ajn,2
ajp,2
ajw,2
akm,2
akv,2
amk,2
aob,2
aod,2
aog,2
aok,2
aot,2
aqf,2
aqi,2
aqo,2
asf,2
asj,2
asr,2
asv,2
asz,2
auo,2
auq,2
auu,2
auy,2
awz,2
axc,2
axf,2
axh,2
axn,2
axx,2
ayk,2
ayz,2
azp,2
bdr,2
bdw,2
bgu,2
biw,2
bix,2
bka,2
bmh,2
boj,2
bpi,2
bpl,2
brr,2
buq,2
buv,2
bwr,2
byf,2
bym,2
byx,2
bza,2
bzi,2
caq,2
cax,2
cbi,2
cbl,2
cbu,2
cej,2
ceq,2
cez,2
cmo,2
cmu,2
cpa,2
crw,2
csa,2
csh,2
csp,2
ctw,2
cuk,2
cwe,2
cwm,2
cwo,2
cyd,2
cyh,2
cyw,2
cyx,2
czk,2
dce,2
ddb,2
ddm,2
ddn,2
dhp,2
dhr,2
dhy,2
diy,2
dka,2
dmu,2
doj,2
doq,2
duj,2
duy,2
dza,2
eao,2
ebh,2
ebp,2
ebz,2
edk,2
edq,2
eeo,2
efb,2
efn,2
efp,2
efw,2
egt,2
eiu,2
ejl,2
ejr,2
ekf,2
ekg,2
ekv,2
emh,2
eok,2
eoy,2
eqe,2
esg,2
esr,2
etd,2
etg,2
etv,2
eub,2
euf,2
euz,2
evl,2
evz,2
exd,2
exm,2
exw,2
faj,2
fch,2
fda,2
fek,2
ffd,2
ffw,2
fgr,2
fhy,2
fiu,2
fje,2
fmo,2
fni,2
fpa,2
fpo,2
fpu,2
fsb,2
fsp,2
fui,2
fuj,2
fve,2
fwe,2
fyc,2
fyn,2
fyr,2
gaq,2
gch,2
gcl,2
gdu,2
gdw,2
ggb,2
ggf,2
ggn,2
ggp,2
ghv,2
giy,2
gje,2
gji,2
gka,2
gnb,2
gnc,2
goj,2
goz,2
gpe,2
gpr,2
gsd,2
gsf,2
gsg,2
gss,2
gsu,2
gsv,2
gsy,2
guh,2
guq,2
guv,2
gva,2
gwy,2
gyd,2
gys,2
gyu,2
hds,2
hfr,2
hgl,2
hhy,2
hkh,2
hkn,2
hlb,2
hlw,2
hmy,2
hnb,2
hnd,2
hrz,2
hsu,2
htd,2
htv,2
huv,2
hwy,2
hyk,2
hyw,2
ibf,2
ibg,2
ibk,2
icb,2
icm,2
idv,2
idz,2
ifd,2
ifn,2
igb,2
igp,2
ihl,2
iif,2
iio,2
iji,2
ijk,2
ijn,2
ijt,2
ijw,2
ikl,2
iky,2
ilj,2
imd,2
imj,2
imk,2
imt,2
imv,2
ioj,2
ioq,2
ipg,2
ipv,2
iqh,2
iqi,2
irz,2
iub,2
iuq,2
ixd,2
ixs,2
ixw,2
izb,2
izd,2
izj,2
izn,2
izs,2
izw,2
jae,2
jaq,2
jed,2
jei,2
jey,2
jja,2
jji,2
jks,2
jnh,2
joj,2
jpr,2
jre,2
jri,2
jti,2
juc,2
jwa,2
jwo,2
jyn,2
kci,2
kcu,2
kej,2
kex,2
kge,2
kgi,2
kht,2
kje,2
kmu,2
koj,2
kph,2
kpw,2
ksd,2
ksr,2
kua,2
kuh,2
kuy,2
kwh,2
kyg,2
lfk,2
lfy,2
lhu,2
lja,2
lje,2
lkg,2
lkp,2
lku,2
llj,2
lmd,2
lmh,2
lmp,2
lmt,2
lmw,2
lnb,2
lpb,2
lpd,2
lpw,2
lsb,2
lsv,2
ltd,2
ltj,2
luh,2
luj,2
lwu,2
lxa,2
mbb,2
mcl,2
mej,2
meq,2
mex,2
mfs,2
mfy,2
mha,2
mhi,2
mhu,2
mii,2
mkh,2
mko,2
mku,2
mmk,2
mmm,2
mnb,2
mnn,2
moq,2
mpd,2
mpg,2
mpj,2
mpp,2
mru,2
msf,2
mss,2
msw,2
mta,2
mtm,2
mua,2
muh,2
muq,2
muu,2
mvu,2
myw,2
mzu,2
naj,2
nby,2
ncm,2
ndq,2
nhs,2
niy,2
nkj,2
nnk,2
nnm,2
noj,2
npf,2
nqi,2
nqs,2
nsb,2
nsr,2
nuh,2
nuu,2
nux,2
nxl,2
nxr,2
nxt,2
nyg,2
nzf,2
nzh,2
nzk,2
nzp,2
oay,2
obk,2
obz,2
ocm,2
ocn,2
oew,2
ofh,2
ofp,2
ogv,2
oih,2
oii,2
oiw,2
oix,2
ojd,2
okd,2
okf,2
okh,2
okp,2
okv,2
olj,2
omk,2
onx,2
oow,2
ooy,2
osr,2
osw,2
otk,2
otq,2
ouy,2
ovn,2
owv,2
oxk,2
oxr,2
oxv,2
oyk,2
oyt,2
oyw,2
ozu,2
paf,2
pao,2
pby,2
pde,2
peq,2
pev,2
pgl,2
phh,2
phw,2
pij,2
pnu,2
psq,2
pve,2
pyf,2
pym,2
pyp,2
pyu,2
pza,2
qaa,2
qaj,2
qap,2
qat,2
qel,2
qib,2
qig,2
qil,2
qim,2
qir,2
qiv,2
qon,2
qop,2
qor,2
qsh,2
qul,2
rbn,2
rbw,2
rcc,2
rdk,2
rdv,2
rfd,2
rff,2
rfg,2
rfn,2
rfv,2
rgf,2
rgm,2
rlf,2
rlh,2
rlk,2
rmd,2
rmk,2
rnk,2
rnv,2
rpb,2
rpm,2
rqa,2
rrf,2
rrg,2
rsd,2
rtd,2
ruj,2
ruw,2
ruy,2
rvl,2
rvq,2
rwt,2
ryj,2
rzl,2
rzt,2
rzu,2
rzy,2
saj,2
sez,2
sii,2
skw,2
smr,2
ssd,2
ssj,2
ssq,2
suh,2
suj,2
suq,2
suu,2
syu,2
syv,2
tby,2
tdy,2
thg,2
tko,2
ttj,2
ttm,2
ttw,2
tuh,2
tuq,2
tuz,2
tyq,2
tzm,2
tzs,2
uau,2
udj,2
uex,2
ufu,2
ufy,2
uhk,2
uho,2
uhw,2
uij,2
uiw,2
uiy,2
ukb,2
ukd,2
ukm,2
ulh,2
ulq,2
uoh,2
uok,2
uov,2
uox,2
uqa,2
uqi,2
usg,2
usj,2
usr,2
uun,2
uut,2
uvo,2
uwa,2
uwi,2
uwo,2
uws,2
uxb,2
uxg,2
uyb,2
uyk,2
uyn,2
uyu,2
uzh,2
uzj,2
uzk,2
vaq,2
vdo,2
vej,2
vev,2
vgo,2
vka,2
vny,2
voa,2
vob,2
voq,2
voz,2
vqu,2
vry,2
vuv,2
vuz,2
vvo,2
vye,2
vyh,2
vyl,2
vyn,2
vyw,2
vzo,2
waq,2
wbs,2
wby,2
wcr,2
wcu,2
wdk,2
wek,2
wez,2
wfn,2
wgo,2
wgu,2
wia,2
wjo,2
wkm,2
wlf,2
wlp,2
wlr,2
wnu,2
woi,2
wox,2
woz,2
wph,2
wru,2
wty,2
wux,2
wve,2
wwr,2
wyc,2
wyv,2
wza,2
xau,2
xav,2
xba,2
xbi,2
xbl,2
xde,2
xdo,2
xea,2
xfl,2
xfu,2
xgl,2
xir,2
xiw,2
xix,2
xke,2
xmo,2
xoa,2
xok,2
xra,2
xri,2
xro,2
xsk,2
xsl,2
xso,2
xtn,2
xtp,2
xup,2
xvi,2
xxe,2
xyf,2
xyz,2
yaq,2
yby,2
ycc,2
ydd,2
ydy,2
ygg,2
ygn,2
ygs,2
yiy,2
ykh,2
yky,2
ylf,2
ylx,2
ymk,2
ynf,2
ynh,2
ynr,2
yox,2
yqu,2
yrb,2
yrf,2
yrg,2
ysn,2
ysw,2
yua,2
yuf,2
yut,2
yxy,2
yya,2
yyi,2
yzg,2
yzz,2
zax,2
zay,2
zbe,2
zcu,2
zda,2
zex,2
zez,2
zfe,2
zgo,2
zhb,2
zhd,2
zje,2
zji,2
zkn,2
zoq,2
zow,2
zpy,2
zsa,2
zsk,2
zsl,2
zto,2
ztr,2
zue,2
zuo,2
zut,2
zwo,2
zyd,2
zyp,2
zyt,2
zyv,2
zyw,2
zyz,2
zzc,2
zzg,2
zzt,2
zzu,2
zzz,2
jk,3
qw,3
xv,3
aae,3
afb,3
afy,3
ahc,3
ahz,3
akp,3
alx,3
aop,3
apc,3
aqs,3
bih,3
bsm,3
bsy,3
bty,3
byz,3
bzo,3
chz,3
cii,3
cso,3
ctz,3
cze,3
dkh,3
dls,3
dsf,3
dts,3
duh,3
ecz,3
eib,3
ekw,3
elz,3
eoo,3
etj,3
ezm,3
ffk,3
fjo,3
foh,3
ftc,3
ftp,3
fye,3
gii,3
gnf,3
gse,3
hih,3
hiy,3
hko,3
hlr,3
hny,3
hph,3
iaq,3
iey,3
ihs,3
ivd,3
ixn,3
iyk,3
jev,3
jia,3
jiz,3
jua,3
kku,3
kui,3
kuv,3
kuz,3
kvo,3
kyc,3
lsu,3
lzo,3
mde,3
mge,3
miy,3
mmh,3
mnl,3
mny,3
mry,3
nkg,3
nmy,3
npy,3
nyf,3
nyp,3
nyr,3
obm,3
ofn,3
omz,3
osz,3
oyh,3
ozn,3
psf,3
ptb,3
puh,3
pyj,3
pys,3
qal,3
qas,3
qwe,3
rfy,3
rhs,3
rkk,3
rrr,3
rsb,3
ryh,3
sij,3
siq,3
skb,3
syg,3
syk,3
tkn,3
tyd,3
ukr,3
umj,3
umt,3
uqs,3
uvs,3
vga,3
vii,3
vkh,3
vui,3
vut,3
vys,3
wce,3
wci,3
wev,3
wfo,3
wfs,3
wga,3
wge,3
wix,3
wld,3
wll,3
wmr,3
wrs,3
wtr,3
wzy,3
xeo,3
xst,3
xtb,3
xyb,3
xye,3
ydn,3
yez,3
yfs,3
yio,3
yka,3
zhi,3
zme,3
zok,3
zzs,3
jh,4
jl,4
js,4
jw,4
jy,4
xd,4
yy,4
zj,4
zq,4
zt,4
aak,4
abf,4
abt,4
adq,4
aew,4
afg,4
afn,4
ahj,4
aht,4
aiw,4
amg,4
amh,4
aoe,4
aoh,4
aoi,4
aom,4
aow,4
aqa,4
asd,4
atj,4
aui,4
auj,4
auw,4
avd,4
axb,4
axs,4
axt,4
ayy,4
azm,4
bgl,4
bja,4
bsq,4
bsw,4
btw,4
bua,4
bva,4
bya,4
byg,4
byk,4
cbo,4
ciq,4
cna,4
cuv,4
cwt,4
cyi,4
daa,4
daq,4
ddf,4
dkn,4
dsb,4
dux,4
dwh,4
dwu,4
dyh,4
dyv,4
dzu,4
ebm,4
ecq,4
eey,4
efc,4
egb,4
eie,4
eij,4
ekb,4
ekd,4
ekh,4
eku,4
elj,4
elq,4
emt,4
esv,4
ewk,4
exn,4
eyv,4
ezc,4
ezq,4
faa,4
fbi,4
fbu,4
fcu,4
fep,4
fga,4
fgh,4
fip,4
fiq,4
fki,4
fna,4
fpi,4
ftu,4
fuh,4
fwo,4
fyk,4
fyl,4
gby,4
gcr,4
gcu,4
geg,4
gek,4
ggc,4
ggm,4
ggw,4
ghd,4
gke,4
gkl,4
gnn,4
gnt,4
goh,4
gox,4
gsc,4
gsk,4
gsr,4
gye,4
gyo,4
gyw,4
gzw,4
hde,4
hha,4
hiw,4
hjo,4
hmm,4
hsk,4
htj,4
huj,4
huy,4
hyu,4
iaa,4
ibc,4
ibn,4
icq,4
icw,4
igj,4
ihr,4
ijr,4
ijs,4
ikd,4
ikj,4
ikn,4
ikt,4
ilq,4
imh,4
iow,4
ipd,4
ipj,4
ipk,4
iqa,4
iqs,4
irq,4
itj,4
iuj,4
ivl,4
ixp,4
ixu,4
iyi,4
iyn,4
izc,4
izg,4
jaa,4
jaf,4
jeb,4
jep,4
jeq,4
jez,4
jha,4
jif,4
jip,4
jiu,4
jli,4
jna,4
jom,4
jst,4
kdi,4
khd,4
kig,4
kiu,4
kiy,4
kju,4
kkh,4
kky,4
koy,4
ksf,4
ksg,4
ksn,4
kub,4
kuf,4
kwr,4
kwu,4
kyf,4
kyh,4
kyo,4
kyu,4
laj,4
ldv,4
lfd,4
lff,4
lfm,4
lfn,4
llk,4
lmb,4
lmc,4
lmf,4
lmg,4
lmn,4
loj,4
lre,4
lsf,4
lsg,4
lsl,4
lsn,4
lsw,4
luy,4
luz,4
lza,4
mbc,4
mbt,4
mgo,4
mgr,4
mij,4
mje,4
mnd,4
msb,4
msd,4
msg,4
msl,4
mth,4
mup,4
mux,4
myb,4
myj,4
ndv,4
ndz,4
nez,4
nfy,4
ngj,4
nkc,4
ntj,4
nuy,4
oah,4
oao,4
oaz,4
odj,4
oee,4
ogc,4
ohr,4
oib,4
oip,4
oiv,4
oln,4
osn,4
otj,4
ouh,4
ouw,4
owu,4
oxp,4
oxw,4
oyg,4
ozh,4
paa,4
pcy,4
pdu,4
pih,4
piw,4
piy,4
pjo,4
pka,4
pmu,4
ptc,4
pvo,4
pwh,4
pwn,4
qad,4
qai,4
qam,4
qan,4
qaw,4
qub,4
qur,4
quu,4
rcm,4
rfc,4
rfh,4
rfp,4
rkg,4
rku,4
rlp,4
rmr,4
rng,4
rrl,4
rtp,4
ruu,4
rvs,4
saa,4
sej,4
sgl,4
sih,4
sji,4
skf,4
skh,4
spb,4
ssk,4
suv,4
suz,4
tao,4
tce,4
teq,4
tii,4
toj,4
tps,4
tsb,4
tuu,4
tuy,4
twu,4
tyk,4
tzn,4
uaa,4
uaq,4
ubk,4
ubz,4
ucy,4
udt,4
uev,4
ufg,4
ugz,4
uiu,4
ujo,4
upj,4
uvl,4
uya,4
uzl,4
uzy,4
vda,4
vek,4
vih,4
vru,4
vsk,4
vud,4
vyz,4
wdg,4
wdn,4
wec,4
weg,4
wem,4
wgh,4
wgl,4
wka,4
wky,4
wlb,4
wlo,4
wlw,4
wng,4
wno,4
wnv,4
wnz,4
wsd,4
wsg,4
wsn,4
wtc,4
wut,4
wwe,4
wyt,4
xaf,4
xai,4
xeb,4
xee,4
xey,4
xla,4
xsh,4
xsw,4
xuo,4
xwa,4
xyi,4
xyu,4
yaa,4
yao,4
yay,4
yex,4
yia,4
yil,4
yji,4
yko,4
ylb,4
ylg,4
ylm,4
yml,4
ynb,4
yoj,4
yoo,4
yoz,4
yrd,4
yrn,4
yrp,4
ysb,4
ysf,4
ysr,4
yuz,4
zaa,4
zbo,4
zeh,4
zek,4
ziq,4
ziu,4
zkr,4
zna,4
zoy,4
zqu,4
zzk,4
zzm,4
zzw,4
fj,5
fk,5
lx,5
mq,5
sz,5
vg,5
vk,5
xq,5
aah,5
abw,5
akn,5
aoc,5
avg,5
avl,5
azh,5
baq,5
beu,5
bfl,5
bfr,5
bke,5
bts,5
byn,5
cme,5
coj,5
cse,5
cth,5
dgo,5
dke,5
dzi,5
eaq,5
eua,5
ewg,5
eww,5
exq,5
eyg,5
ezl,5
ezy,5
fez,5
fma,5
foz,5
ftr,5
fwa,5
gca,5
gde,5
gmu,5
gnp,5
grr,5
gsb,5
gte,5
guc,5
hdi,5
hii,5
hiq,5
hnn,5
hse,5
htt,5
huh,5
hwr,5
idb,5
idf,5
ioz,5
iul,5
ixy,5
kax,5
kox,5
koz,5
kpr,5
lby,5
lck,5
lpy,5
lze,5
mbw,5
mdi,5
mga,5
mlu,5
mms,5
mqu,5
msk,5
nsq,5
ofb,5
ogp,5
ohl,5
okn,5
ouj,5
oux,5
ovk,5
ovr,5
ovv,5
pgo,5
pmi,5
rck,5
rji,5
rmg,5
ryu,5
siw,5
smy,5
sny,5
srh,5
ssg,5
syh,5
tdw,5
tgn,5
twy,5
tyg,5
tyx,5
tzl,5
ueo,5
uje,5
uky,5
ulr,5
umq,5
unx,5
urj,5
utq,5
vaj,5
vez,5
vli,5
waa,5
wcl,5
wdf,5
wex,5
wln,5
wms,5
wuz,5
xeq,5
xoi,5
xov,5
xqu,5
xth,5
xtl,5
xty,5
xwi,5
yev,5
yoe,5
yrt,5
ysk,5
yts,5
zmo,5
zni,5
zof,5
zuf,5
zvo,5
hz,6
jj,6
jn,6
qo,6
xr,6
aad,6
aag,6
aap,6
abc,6
abm,6
aep,6
ahd,6
aih,6
ajj,6
ajr,6
akb,6
alq,6
aua,6
auh,6
axm,6
azl,6
bao,6
bci,6
bkh,6
bmo,6
bpe,6
bth,6
bux,6
bwi,6
cao,6
ckv,6
cug,6
cuu,6
cye,6
cyg,6
dby,6
dij,6
dnu,6
doh,6
dpe,6
dph,6
dpu,6
dsq,6
dsy,6
dte,6
dyr,6
dzh,6
ebf,6
ebw,6
ecb,6
efd,6
egw,6
ehl,6
eii,6
eix,6
emc,6
emw,6
eyt,6
ezv,6
ffc,6
ffm,6
fob,6
fpr,6
fst,6
fwi,6
fyt,6
gev,6
gfr,6
ggu,6
ghg,6
gmy,6
gpl,6
gup,6
guz,6
gwh,6
gwr,6
hax,6
hej,6
hfe,6
hgr,6
hpu,6
hsc,6
hsm,6
htg,6
hve,6
hzo,6
iav,6
ibw,6
idc,6
idj,6
ieo,6
ije,6
ioy,6
iup,6
ivs,6
ixl,6
ixm,6
iyo,6
izv,6
jef,6
jen,6
jid,6
jod,6
kbl,6
kfe,6
kiz,6
kts,6
ktu,6
kuc,6
kug,6
kuk,6
lbs,6
lcs,6
ldd,6
lfb,6
ljo,6
lkb,6
lkf,6
lmm,6
lno,6
lns,6
lpm,6
ltn,6
lwr,6
mao,6
mbk,6
mcr,6
mdr,6
mhe,6
mka,6
mpc,6
mpw,6
mre,6
msp,6
naq,6
ntc,6
nvy,6
nyh,6
nzu,6
obg,6
ocd,6
ocq,6
okc,6
olr,6
omh,6
ouq,6
oxg,6
oyu,6
pcr,6
pgu,6
psn,6
ptw,6
puj,6
puy,6
pva,6
pyb,6
pyw,6
rgn,6
rkd,6
rlw,6
rmt,6
rsf,6
rtt,6
rvy,6
rwu,6
sao,6
sbl,6
sfy,6
sje,6
sri,6
svi,6
sya,6
taj,6
taq,6
tht,6
tls,6
tph,6
ttv,6
tve,6
tyw,6
tzu,6
uah,6
udp,6
udz,6
uez,6
ugf,6
ukl,6
ukt,6
upn,6
uxm,6
uyo,6
veu,6
vle,6
vni,6
vun,6
wkb,6
wkn,6
wna,6
wsb,6
wsf,6
wsr,6
wta,6
wtu,6
wul,6
wup,6
wya,6
xbe,6
xbo,6
xet,6
xga,6
xiu,6
xsc,6
xwe,6
xyh,6
yai,6
yds,6
yef,6
yfy,6
yhy,6
ylc,6
ylk,6
ylt,6
ynk,6
ynn,6
ynu,6
yov,6
yug,6
yvn,6
yxa,6
zgi,6
zhe,6
zik,6
zka,6
zki,6
zly,6
zoh,6
zug,6
zup,6
zve,6
hq,7
tq,7
vd,7
zs,7
aef,7
ahr,7
aii,7
awg,7
bcr,7
beo,7
bex,7
bph,7
btf,7
cmi,7
dyd,7
emf,7
eoh,7
esf,7
faf,7
ffp,7
fhe,7
fsc,7
fsi,7
ftg,7
gdi,7
gfe,7
gfl,7
ggh,7
ghp,7
gms,7
gsn,7
gwu,7
hhi,7
hix,7
hja,7
hqu,7
imw,7
itk,7
ivr,7
izl,7
jax,7
jeu,7
jic,7
joe,7
joo,7
jux,7
kaa,7
kev,7
kga,7
kgo,7
kiw,7
kkn,7
kue,7
kyj,7
ldt,7
lii,7
liy,7
lsy,7
lyx,7
mgy,7
miw,7
mte,7
muj,7
muo,7
mva,7
nao,7
nii,7
nnl,7
oim,7
ooa,7
pke,7
rdd,7
rdg,7
rpn,7
ryz,7
skt,7
syd,7
syf,7
tgi,7
thq,7
tix,7
tiy,7
tnu,7
tqu,7
tsv,7
uaz,7
udc,7
udm,7
ueh,7
uvv,7
uxt,7
uzu,7
vax,7
vep,7
vla,7
vue,7
wdu,7
wju,7
wnm,7
wsu,7
wsy,7
xly,7
xma,7
xym,7
xyr,7
yae,7
yax,7
yey,7
ygu,7
yhi,7
yim,7
yva,7
zod,7
zuk,7
zyi,7
zyl,7
bz,8
dq,8
xg,8
zg,8
adk,8
aiq,8
alh,8
aon,8
apj,8
apk,8
atd,8
avr,8
aww,8
ayv,8
bax,8
bni,8
bwh,8
byo,8
byw,8
cma,8
cph,8
cyo,8
dhs,8
dqu,8
dtr,8
dze,8
eeq,8
ehn,8
ekp,8
emd,8
epc,8
etk,8
ewc,8
ewu,8
ezu,8
faq,8
fbe,8
fpe,8
fse,8
ghc,8
ghj,8
gju,8
gsw,8
gya,8
gyt,8
gyv,8
haq,8
hcu,8
heh,8
hge,8
hgi,8
hrs,8
hsp,8
hva,8
hvi,8
idp,8
izm,8
jik,8
joa,8
jra,8
jup,8
kav,8
kfr,8
kij,8
kog,8
kov,8
ksb,8
ksy,8
lct,8
ldg,8
leq,8
ltb,8
ltp,8
lyk,8
mfa,8
mpm,8
msy,8
mto,8
mze,8
ngg,8
niw,8
nps,8
ntd,8
nyx,8
oab,8
obh,8
odk,8
okt,8
olz,8
oou,8
opj,8
oxu,8
oyb,8
oyr,8
pcu,8
pdi,8
pfa,8
phn,8
poh,8
psl,8
psm,8
pyd,8
pyn,8
rfm,8
rmc,8
rmp,8
rnr,8
rtj,8
ruq,8
ryk,8
ryx,8
shs,8
skm,8
swu,8
syz,8
tcy,8
tez,8
tjo,8
tno,8
toq,8
tsf,8
tsn,8
tvi,8
tzk,8
tzp,8
ucs,8
uhr,8
uio,8
uoo,8
usf,8
usw,8
uyt,8
wch,8
wff,8
wgi,8
wib,8
wik,8
wmi,8
wod,8
wss,8
wyl,8
wze,8
xne,8
xoe,8
xwo,8
ybb,8
ybl,8
ydu,8
yeg,8
yeo,8
yfr,8
yic,8
yik,8
yld,8
yoh,8
yrh,8
yry,8
ysg,8
yty,8
yzy,8
zca,8
zul,8
zwa,8
wj,9
xn,9
zn,9
ahn,9
aib,9
aiy,9
akd,9
akr,9
akw,9
anm,9
asw,9
aue,9
axp,9
bge,9
bhu,9
bki,9
boz,9
bsk,9
bue,9
dcl,9
dgl,9
dii,9
dyc,9
eai,9
eby,9
ehr,9
evy,9
eyh,9
fsa,9
gfa,9
gja,9
gko,9
gsl,9
gyi,9
haa,9
hdu,9
hls,9
hof,9
hoj,9
iis,9
ikv,9
izu,9
izy,9
jih,9
kdr,9
kye,9
kyi,9
kyn,9
kyp,9
lcl,9
ldp,9
lfp,9
lgy,9
lni,9
mbm,9
mce,9
mgu,9
miq,9
mpf,9
mwh,9
mza,9
ndk,9
nye,9
ofy,9
ogj,9
ovs,9
ovy,9
owj,9
paj,9
pbl,9
pej,9
pkn,9
pwr,9
rkr,9
rmb,9
rsq,9
ruh,9
ruv,9
sja,9
sox,9
svo,9
syt,9
tka,9
uby,9
uej,9
ufs,9
uha,9
uhi,9
uix,9
ulz,9
umw,9
upk,9
uus,9
uzo,9
vix,9
vlo,9
vox,9
vum,9
wef,9
wey,9
wkw,9
wps,9
wsk,9
xob,9
xud,9
xya,9
yfe,9
ytu,9
zac,9
zaf,9
zec,9
zef,9
zeo,9
zey,9
zib,9
zlo,9
zob,9
zuc,9
zus,9
zuz,9
zwi,9
cb,10
cp,10
cw,10
fg,10
lj,10
uw,10
zc,10
abk,10
agf,10
alz,10
amj,10
asn,10
bbs,10
bfa,10
bgo,10
buh,10
byd,10
byh,10
caa,10
chv,10
diq,10
diw,10
dyg,10
eax,10
ebd,10
ecp,10
epb,10
epn,10
evs,10
evv,10
exl,10
fca,10
fef,10
fik,10
fsk,10
ftn,10
gaa,10
gak,10
gco,10
gep,10
gfo,10
gpo,10
gyb,10
hcl,10
hfl,10
hga,10
hgu,10
hns,10
hnu,10
iaf,10
igt,10
iit,10
ioh,10
iwh,10
jat,10
jov,10
juk,10
kgr,10
kih,10
kjo,10
kmi,10
lao,10
lfw,10
lml,10
lpf,10
ltf,10
lyu,10
mbd,10
mbf,10
mbh,10
mdo,10
meh,10
mki,10
msm,10
msu,10
mtr,10
mue,10
muk,10
mwe,10
naa,10
ncs,10
ndj,10
obf,10
okw,10
omt,10
ooj,10
oxf,10
pcl,10
pgi,10
pje,10
pni,10
pyx,10
rdt,10
riy,10
rkt,10
rlb,10
rnh,10
ryf,10
ryv,10
scs,10
shv,10
suo,10
syo,10
taa,10
tdu,10
tij,10
tke,10
tmu,10
tux,10
tzy,10
udn,10
udw,10
uhl,10
uji,10
ukh,10
umh,10
unz,10
uom,10
upv,10
uvu,10
vop,10
vus,10
wda,10
wnp,10
wsc,10
wud,10
wum,10
wun,10
wyn,10
xaz,10
xsu,10
xuv,10
xyp,10
ygy,10
yrl,10
yul,10
yus,10
yvo,10
zic,10
zio,10
zpa,10
aam,11
atk,11
bav,11
bii,11
bwe,11
caz,11
dax,11
dfr,11
dlu,11
eky,11
ewy,11
fax,11
fex,11
fft,11
fha,11
ghm,11
ghy,11
gsa,11
gsi,11
gwi,11
hbl,11
hoh,11
hpe,11
hue,11
ikr,11
jav,11
jeh,11
kek,11
kfo,11
kgu,11
ksk,11
ktr,11
kyd,11
lkt,11
lmy,11
lru,11
lwi,11
mev,11
mja,11
msc,11
mvo,11
mwi,11
myn,11
nek,11
odt,11
oeq,11
oju,11
opg,11
otz,11
oyf,11
pph,11
pyk,11
qab,11
riw,11
rmh,11
rnd,11
rux,11
ruz,11
sye,11
tyt,11
tzv,11
umk,11
urq,11
vaw,11
vik,11
wsl,11
wus,11
xme,11
xsi,11
xub,11
xus,11
yec,11
yfa,11
yit,11
ykn,11
ymu,11
zak,11
zho,11
zum,11
hj,12
jr,12
pv,12
qs,12
zp,12
aeb,12
aeg,12
amz,12
atg,12
avs,12
bgr,12
bmu,12
bpa,12
bsl,12
cev,12
dok,12
doy,12
dti,12
dyp,12
eoa,12
eyr,12
faz,12
fba,12
fbo,12
fey,12
ffb,12
ffh,12
ffn,12
fiy,12
ftb,12
gaj,12
ghr,12
gnl,12
gsm,12
hbe,12
hfo,12
huz,12
iep,12
ikh,12
imc,12
inz,12
iov,12
iut,12
jej,12
juj,12
jul,12
kcl,12
kco,12
kcr,12
khu,12
kja,12
koa,12
kod,12
kva,12
lej,12
lez,12
lgh,12
lsk,12
lsm,12
ltm,12
lwh,12
mbp,12
mch,12
mns,12
mnu,12
moj,12
mpb,12
mpn,12
mti,12
mui,12
nkm,12
nrh,12
ntp,12
nuz,12
oef,12
olw,12
omc,12
opc,12
opd,12
orj,12
osg,12
otd,12
oxb,12
oxl,12
oyp,12
pfe,12
pfr,12
pja,12
pof,12
qin,12
rjo,12
saz,12
sfl,12
shd,12
syw,12
tci,12
tdi,12
tfr,12
tje,12
tlu,12
uep,12
ufr,12
ugb,12
uhu,12
uik,12
ulw,12
uyl,12
vak,12
wfe,12
woa,12
wos,12
wpu,12
wsa,12
wsm,12
wts,12
yaf,12
ycy,12
yep,12
yid,12
yja,12
yun,12
yvi,12
yzo,12
zba,12
zun,12
zva,12
amc,13
awr,13
bfi,13
bij,13
ckk,13
dey,13
dix,13
dta,13
duu,13
duv,13
ebc,13
ehm,13
etp,13
fme,13
fop,13
fub,13
geu,13
ghh,13
gof,13
gza,13
hch,13
htb,13
hyi,13
iby,13
idm,13
idt,13
igf,13
igz,13
iku,13
imr,13
ipn,13
irh,13
itg,13
iwe,13
jir,13
kae,13
kaj,13
kca,13
khs,13
kii,13
kob,13
koh,13
kpa,13
kpe,13
kud,13
kwi,13
kym,13
lcy,13
lpu,13
lsc,13
lyv,13
mbn,13
mve,13
nlu,13
nyb,13
okb,13
oox,13
opk,13
osl,13
otn,13
oxc,13
oyc,13
paq,13
pbi,13
pps,13
pyh,13
rfb,13
rkp,13
rmn,13
ruk,13
rvu,13
shh,13
spn,13
stv,13
tju,13
tyh,13
tyo,13
tzo,13
ugw,13
urh,13
uyi,13
uza,13
vna,13
vri,13
vug,13
wbl,13
why,13
wnb,13
wnc,13
wnf,13
wok,13
wpa,13
wwa,13
xsa,13
yem,13
yeu,13
ypp,13
ypu,13
zae,13
zew,13
zma,13
acm,14
afu,14
agp,14
agt,14
ahy,14
aju,14
auz,14
bcu,14
bhi,14
bna,14
bpo,14
bsa,14
bwa,14
cdy,14
csi,14
dyf,14
ebt,14
edp,14
edt,14
eko,14
epm,14
euh,14
evn,14
fah,14
fdo,14
feh,14
fho,14
fio,14
fiv,14
foy,14
fth,14
guf,14
hbi,14
hgo,14
hke,14
hki,14
hpl,14
hpr,14
htp,14
htr,14
hwh,14
iax,14
idh,14
iun,14
ivy,14
iye,14
kik,14
kko,14
koc,14
kte,14
kys,14
laa,14
ldy,14
lkw,14
lnu,14
oeh,14
ogd,14
okr,14
omw,14
orq,14
osb,14
rkf,14
rmw,14
rnc,14
swr,14
teh,14
tek,14
tyf,14
tyn,14
uay,14
uec,14
uew,14
uju,14
umy,14
usm,14
uxa,14
vav,14
wae,14
wnn,14
wnr,14
wny,14
woc,14
wso,14
wzi,14
xad,14
xah,14
xhe,14
xli,14
ybd,14
ycr,14
yei,14
yip,14
yir,14
yns,14
ypy,14
yrs,14
zah,14
mj,15
acn,15
adz,15
akk,15
amd,15
apw,15
awc,15
axw,15
bfe,15
byc,15
ccy,15
chh,15
dyt,15
eji,15
emv,15
eow,15
eoz,15
epd,15
epf,15
epw,15
esd,15
ewm,15
eyf,15
fom,15
fsh,15
ghu,15
gwe,15
hij,15
iai,15
iao,15
iek,15
igy,15
jiv,15
keu,15
kio,15
kmo,15
ksu,15
lfh,15
lft,15
lna,15
lpr,15
mca,15
mci,15
mib,15
oai,15
oav,15
ohs,15
osq,15
oxs,15
pax,15
pob,15
pwi,15
sek,15
sfr,15
skn,15
ssr,15
stg,15
tji,15
tuk,15
udh,15
udu,15
urz,15
vef,15
waz,15
wco,15
wgr,15
wnh,15
xch,15
xeg,15
xfi,15
xyc,15
xyt,15
yeh,15
fd,16
lq,16
yj,16
aat,16
ahl,16
aou,16
apd,16
apm,16
baj,16
bfo,16
cek,16
ctm,16
cuz,16
dcu,16
ddh,16
dez,16
djo,16
dki,16
dwr,16
eej,16
ekt,16
enq,16
ewf,16
fae,16
fim,16
fod,16
gso,16
gti,16
gtr,16
gud,16
hcr,16
htc,16
hwi,16
iak,16
iid,16
ipf,16
jie,16
jot,16
kec,16
kyt,16
lkm,16
lqu,16
maq,16
mfr,16
ngp,16
nkr,16
odz,16
oji,16
oza,16
pch,16
peu,16
poz,16
psc,16
ptl,16
pya,16
pyt,16
rko,16
rnp,16
ruo,16
shg,16
sik,16
soh,16
tvo,16
twh,16
udb,16
ufi,16
umr,16
urw,16
utk,16
uye,16
uys,16
vov,16
woe,16
wpl,16
xae,16
xfo,16
xho,16
xif,16
ycu,16
ygd,16
yum,16
zeu,16
zzb,16
fc,17
fw,17
gz,17
aai,17
aio,17
arj,17
ayh,17
bfu,17
bnu,17
byp,17
cst,17
ctf,17
dej,17
dih,17
dug,17
dya,17
dyo,17
elr,17
euo,17
exy,17
eyc,17
feg,17
fov,17
fto,17
ghf,17
goy,17
haj,17
hhe,17
hso,17
hty,17
hyx,17
isv,17
jak,17
joh,17
kfl,17
lkh,17
ltw,17
lvu,17
mby,17
nji,17
ntz,17
obc,17
oek,17
ohn,17
otg,17
oyd,17
paz,17
pbe,17
pbu,17
pga,17
pib,17
quy,17
rby,17
rsy,17
ryd,17
rzo,17
soj,17
tcu,17
uap,17
udf,17
uim,17
umg,17
uop,17
voe,17
wep,17
wnw,17
wpe,17
wsw,17
xar,17
xts,17
yha,17
yki,17
ylp,17
ynx,17
yny,17
ysl,17
zag,17
zou,17
xb,18
zb,18
zk,18
ahm,18
axl,18
ceh,18
dds,18
deq,18
dji,18
dto,18
edm,18
eip,18
epy,18
ewp,18
fry,18
gbi,18
gpi,18
hao,18
hda,18
hsa,18
huk,18
ilz,18
irv,18
jem,18
kau,18
kaz,18
kbr,18
kch,18
kow,18
kpl,18
kth,18
kyw,18
ldh,18
llg,18
lry,18
ltc,18
mda,18
mfe,18
myg,18
nax,18
nkp,18
nns,18
nph,18
nys,18
nyt,18
oau,18
oby,18
odn,18
oiz,18
okm,18
oxt,18
pex,18
pfo,18
pmo,18
psk,18
pth,18
rdp,18
rir,18
rmf,18
rnn,18
rpy,18
sjo,18
tde,18
tiw,18
tsl,18
tys,18
ubw,18
udy,18
ugr,18
uhe,18
upm,18
upy,18
wdo,18
wot,18
wpo,18
yee,18
yuc,18
yuk,18
yve,18
zee,18
ziz,18
gk,19
mz,19
zw,19
aif,19
aip,19
apf,19
ayp,19
ayu,19
beb,19
beq,19
bjo,19
bsh,19
caw,19
cey,19
dfe,19
dsu,19
dsw,19
ekl,19
fay,19
ftm,19
ghw,19
gyl,19
hms,19
hoz,19
hsi,19
ihu,19
iju,19
ikk,19
itp,19
ksw,19
lbl,19
liw,19
llt,19
lsp,19
lvo,19
lyf,19
mav,19
mdu,19
meu,19
mox,19
mra,19
msa,19
ngc,19
ngk,19
nok,19
nyo,19
obw,19
odp,19
ofr,19
ogf,19
ohm,19
omr,19
opn,19
ozl,19
rii,19
rnw,19
rzi,19
stt,19
suk,19
ueg,19
vur,19
vve,19
vvy,19
wog,19
wry,19
xhu,19
xse,19
yof,19
yru,19
ywr,19
zei,19
zis,19
fm,20
xm,20
aie,20
avy,20
awy,20
bup,20
bvo,20
dni,20
dof,20
dsa,20
duf,20
dyw,20
eeg,20
eoe,20
eue,20
evr,20
fot,20
gbu,20
gda,20
ghn,20
gsp,20
gug,20
hek,20
hfi,20
hmu,20
hna,20
ieh,20
iez,20
igw,20
iha,20
irf,20
itb,20
kac,20
kaf,20
kry,20
lcr,20
lwe,20
mco,20
miv,20
mlo,20
mpk,20
mri,20
ndd,20
noz,20
nsg,20
oae,20
oaf,20
ogw,20
oif,20
pfl,20
pwe,20
raq,20
rcs,20
rij,20
rkb,20
rkh,20
soz,20
tgl,20
tgo,20
uon,20
uqu,20
wbi,20
wbu,20
wdy,20
wfa,20
wfl,20
wov,20
wpi,20
xle,20
xog,20
yau,20
yew,20
ygl,20
yow,20
zoe,20
gj,21
zm,21
aan,21
abh,21
akf,21
ayt,21
baa,21
bbr,21
bce,21
biy,21
bto,21
bye,21
dgu,21
doa,21
eui,21
eyd,21
gfu,21
gub,21
hfa,21
ifr,21
imf,21
ipb,21
jok,21
jow,21
kda,21
khi,21
kiv,21
laq,21
ldc,21
ldw,21
moh,21
myi,21
ndt,21
nku,21
nkw,21
nss,21
nxe,21
oax,21
ogb,21
olg,21
pba,21
psp,21
rcy,21
rdc,21
rdf,21
rdh,21
rkw,21
sdo,21
sdu,21
sgi,21
sok,21
tki,21
tye,21
ufe,21
uja,21
vim,21
voo,21
wah,21
wdr,21
wds,21
wto,21
xap,21
xys,21
yrm,21
ysy,21
yxe,21
zim,21
zog,21
hv,22
afs,22
agd,22
agw,22
baf,22
bda,22
buo,22
ckj,22
dga,22
dgy,22
dja,22
dpo,22
dsl,22
dui,22
dyb,22
eln,22
eux,22
exf,22
hdr,22
hpi,22
ieb,22
ihy,22
ijo,22
ipw,22
iwo,22
keg,22
kyb,22
kyr,22
lek,22
lfr,22
lri,22
mla,22
ntf,22
nwh,22
nxi,22
obd,22
owo,22
oyo,22
pca,22
peh,22
pek,22
rtg,22
soy,22
tja,22
tsy,22
tug,22
uaw,22
ufo,22
uku,22
vyi,22
wfu,22
whu,22
wof,22
wow,22
xab,22
ymy,22
ytt,22
ywe,22
mk,23
vn,23
xw,23
zv,23
agb,23
akt,23
aky,23
amt,23
anx,23
arz,23
bsp,23
btl,23
byl,23
dhu,23
egh,23
ewb,23
eyw,23
fev,23
ftl,23
ggs,23
gnu,23
hdo,23
htm,23
htu,23
hyn,23
iln,23
ilw,23
imy,23
jah,23
kao,23
kut,23
lmu,23
loh,23
mml,23
mof,23
myd,23
nsd,23
ogt,23
okk,23
okl,23
ooh,23
oxh,23
piu,23
piv,23
psw,23
ptn,23
puz,23
tev,23
thd,23
tmi,23
tni,23
tva,23
tyc,23
uae,23
uib,23
vae,23
vra,23
vro,23
wob,23
wop,23
wsp,23
wti,23
wye,23
yfu,23
yxo,23
yzi,23
cm,24
fp,24
abn,24
amr,24
amw,24
avv,24
axy,24
bbu,24
biq,24
bwo,24
caj,24
cza,24
dje,24
dsk,24
dvo,24
edc,24
edh,24
ewn,24
fif,24
gah,24
gao,24
gbe,24
gta,24
hka,24
hsh,24
jad,24
jeo,24
keo,24
ksl,24
ldm,24
ldn,24
lko,24
mwa,24
mya,24
nkb,24
ntb,24
odf,24
oeu,24
oia,24
oik,24
pdo,24
pdr,24
piq,24
poy,24
sru,24
taz,24
tda,24
uaf,24
usq,24
wly,24
xel,24
xiv,24
xom,24
yad,24
yfl,24
yob,24
ywh,24
zad,24
zap,24
bk,25
aei,25
anv,25
anw,25
bch,25
bvi,25
cay,25
ckg,25
cni,25
dzo,25
eea,25
eeh,25
eov,25
ewl,25
ewt,25
faw,25
few,25
fne,25
gec,25
guo,25
hto,25
ija,25
inx,25
iox,25
jil,25
jui,25
lih,25
lyl,25
mey,25
mwo,25
nyw,25
odb,25
ohu,25
oky,25
opb,25
opw,25
otf,25
owz,25
pgr,25
rze,25
sdr,25
ssc,25
thc,25
thh,25
tya,25
umc,25
uny,25
uol,25
uva,25
uzi,25
veh,25
wnt,25
yct,25
yup,25
pj,26
qi,26
abj,26
aeu,26
bho,26
btu,26
byi,26
cok,26
dco,26
dcr,26
dfl,26
dgm,26
dhi,26
dno,26
elg,26
ewd,26
eyp,26
fud,26
iau,26
iml,26
iwi,26
jaz,26
ksc,26
kun,26
lkl,26
llr,26
lps,26
mek,26
mfl,26
mih,26
nix,26
nuk,26
ojo,26
oml,26
opf,26
pez,26
pyo,26
rky,26
rwh,26
sga,26
std,26
syb,26
uem,26
ufl,26
uig,26
uoy,26
wbr,26
wmo,26
xib,26
xoc,26
ylv,26
yoc,26
zir,26
gc,27
wz,27
zh,27
aas,27
aor,27
aos,27
apb,27
asb,27
ayg,27
bhe,27
bof,27
boh,27
chk,27
dak,27
dyk,27
etz,27
feo,27
gto,27
ipy,27
itw,27
jim,27
jis,27
jit,27
jog,27
kso,27
nmu,27
odh,27
oja,27
oku,27
rkn,27
rlu,27
rtc,27
ryg,27
sbr,27
siu,27
sju,27
sps,27
tsk,27
ubg,27
ugm,27
utn,27
uum,27
vre,27
wfi,27
wke,27
ydi,27
yur,27
yxi,27
zai,27
zzy,27
kj,28
uq,28
vl,28
aar,28
anr,28
ayc,28
bsu,28
cig,28
coq,28
dpl,28
egy,28
eym,28
fak,28
gaf,28
gba,28
geh,28
gfi,28
guy,28
hbr,28
hca,28
hey,28
htw,28
idw,28
ipc,28
ixo,28
jai,28
kof,28
kom,28
kve,28
ltz,28
ngm,28
nkf,28
noh,28
obn,28
oey,28
oio,28
orv,28
pda,28
pfi,28
raa,28
rkm,28
sah,28
sra,28
thp,28
ubh,28
udr,28
uey,28
vog,28
waw,28
wla,28
wwo,28
ypl,28
zia,28
zif,28
cz,29
aje,29
atp,29
auk,29
awp,29
bek,29
bov,29
cdo,29
cno,29
dpr,29
ekk,29
erz,29
fiz,29
hbu,29
hlu,29
jib,29
jub,29
kfa,29
lfs,29
maa,29
mly,29
neh,29
ngd,29
nih,29
nkh,29
oev,29
orz,29
owg,29
owy,29
rez,29
rgs,29
riq,29
rsn,29
rza,29
tey,29
ubn,29
ufa,29
uvr,29
vew,29
xta,29
xul,29
ylu,29
zur,29
adp,30
afr,30
akl,30
azy,30
bcl,30
bno,30
dav,30
dbi,30
dch,30
dpi,30
eul,30
ftw,30
fty,30
htn,30
jay,30
kay,30
kme,30
ldu,30
lok,30
lpl,30
lpt,30
lzi,30
maf,30
mik,30
mso,30
odm,30
oex,30
olh,30
otm,30
peb,30
pui,30
scy,30
shc,30
shk,30
skl,30
syi,30
uly,30
uoi,30
upw,30
usb,30
utv,30
uxo,30
wte,30
xas,30
xig,30
xip,30
yap,30
yeb,30
yfo,30
yoi,30
zid,30
dk,31
fn,31
aiz,31
apn,31
atz,31
awh,31
bne,31
cec,31
daf,31
dbl,31
dbu,31
dna,31
ebs,31
feb,31
hpa,31
hye,31
inr,31
jal,31
kki,31
klu,31
ksa,31
lbr,31
otw,31
ouz,31
poa,31
pue,31
rmy,31
ryw,31
soe,31
uod,31
usy,31
uxu,31
xca,31
xod,31
ywi,31
zep,31
mg,32
ael,32
aia,32
aji,32
awo,32
buy,32
byr,32
dek,32
duk,32
dut,32
edw,32
elk,32
enk,32
erq,32
etm,32
eyo,32
gay,32
gnm,32
hoy,32
hpo,32
iof,32
kei,32
kif,32
kpo,32
ldb,32
ldf,32
moa,32
nko,32
oep,32
owk,32
pry,32
puk,32
ryc,32
uav,32
uei,32
ukk,32
veb,32
von,32
wdl,32
xol,32
xos,32
yak,32
yly,32
zal,32
zaz,32
zea,32
zoc,32
adt,33
aev,33
akh,33
anp,33
auv,33
avu,33
bpr,33
ddr,33
dva,33
euv,33
eza,33
ilr,33
ivv,33
kak,33
koe,33
lgu,33
loz,33
ltl,33
nck,33
nkt,33
nuo,33
nup,33
ocs,33
oua,33
ovu,33
pki,33
rct,33
rdm,33
rje,33
rju,33
sda,33
sge,33
sgo,33
sva,33
tth,33
ueu,33
umd,33
utj,33
vod,33
vos,33
wca,33
wnd,33
yrr,33
zig,33
anb,34
awf,34
ayr,34
bej,34
ceu,34
chd,34
chg,34
eah,34
esn,34
ghl,34
heq,34
hho,34
hox,34
iah,34
iwa,34
kaw,34
kka,34
kru,34
ksm,34
kti,34
lky,34
llp,34
mho,34
mow,34
moy,34
muz,34
mvi,34
oue,34
oym,34
pah,34
pwa,34
rao,34
rnl,34
tfe,34
tpu,34
vah,34
veo,34
viu,34
wur,34
ycn,34
yod,34
yta,34
yza,34
zit,34
fh,35
xf,35
awt,35
bev,35
bik,35
ceg,35
coz,35
ddu,35
dym,35
fuf,35
jau,35
jew,35
kbe,35
kbu,35
kok,35
kus,35
lra,35
maw,35
myx,35
nay,35
obv,35
rnt,35
rwr,35
tcl,35
twr,35
wbe,35
ysc,35
zop,35
adn,36
alr,36
asl,36
bey,36
bma,36
cuo,36
dfo,36
dgr,36
doz,36
ezo,36
gip,36
gmi,36
gry,36
hco,36
hst,36
hua,36
ibs,36
ipm,36
itf,36
ivu,36
jap,36
jea,36
kef,36
kpi,36
kup,36
ngf,36
nvu,36
oeo,36
ogh,36
oig,36
olb,36
onz,36
otp,36
oww,36
pbr,36
pov,36
pwo,36
pye,36
pyi,36
rgh,36
rih,36
rtb,36
rtz,36
sax,36
shp,36
spy,36
sro,36
syr,36
tpe,36
tue,36
wma,36
xcr,36
xpi,36
yfi,36
ygm,36
ytr,36
zip,36
zos,36
bg,37
bdi,37
buz,37
cku,37
eae,37
etf,37
evu,37
fuz,37
geb,37
hyc,37
iem,37
iin,37
jab,37
jos,37
kbi,37
kke,37
kwe,37
luk,37
nhy,37
noy,37
oag,37
pak,37
pix,37
rrs,37
sae,37
tbl,37
tgr,37
thb,37
uia,37
ulb,37
wiz,37
wks,37
yag,37
ybi,37
adc,38
aiv,38
amf,38
biu,38
cly,38
ecd,38
eka,38
eyl,38
iei,38
ixa,38
koi,38
laf,38
lyd,38
lye,38
muf,38
nah,38
ndc,38
rnf,38
rny,38
six,38
ssf,38
tbi,38
toh,38
tpi,38
uak,38
upf,38
vif,38
wip,38
yah,38
yam,38
ybu,38
zet,38
gp,39
kg,39
uu,39
atn,39
buk,39
cah,39
foe,39
giu,39
gyp,39
hwe,39
ioa,39
kdo,39
keh,39
lro,39
lyw,39
mro,39
onq,39
opm,39
oyn,39
pem,39
pey,39
pyg,39
rfs,39
sdi,39
upd,39
vvi,39
xhi,39
yaw,39
awm,40
chf,40
dye,40
eyn,40
ffy,40
gew,40
hud,40
ifs,40
irw,40
isw,40
mse,40
neq,40
nsn,40
nsv,40
pco,40
puf,40
rfr,40
sve,40
tbe,40
uef,40
wsh,40
xag,40
xha,40
yke,40
zeb,40
zem,40
zom,40
fb,41
wg,41
aja,41
ayd,41
bez,41
bys,41
ctl,41
ctn,41
dbr,41
dud,41
efy,41
ehu,41
eml,41
etb,41
gef,41
gif,41
hef,41
hiu,41
iho,41
ilh,41
iry,41
kse,41
mef,41
naf,41
ndg,41
niq,41
nsy,41
pfu,41
rja,41
rsm,41
shf,41
tgu,41
tna,41
tza,41
unj,41
waf,41
yen,41
yom,41
ysu,41
anj,42
cyn,42
foa,42
gdo,42
hah,42
koo,42
lfl,42
ndn,42
noa,42
tpl,42
uxe,42
uze,42
wap,42
wnl,42
kv,43
adf,43
azu,43
bve,43
cua,43
edf,43
gsh,43
hub,43
ksp,43
kya,43
lup,43
lyh,43
mep,43
mfi,43
nry,43
oui,43
rdw,43
rml,43
rtf,43
ryb,43
sby,43
ugo,43
uml,43
uos,43
upo,43
upu,43
vom,43
voy,43
wme,43
wst,43
xco,43
xop,43
yms,43
ysm,43
yss,43
qa,44
aku,44
cox,44
cuc,44
dwe,44
elb,44
enj,44
fow,44
jut,44
juv,44
kah,44
kap,44
nox,44
nug,44
odc,44
oeb,44
pyc,44
raj,44
roq,44
rsk,44
rua,44
udl,44
uka,44
wdi,44
zam,44
cd,45
tk,45
vs,45
bju,45
chc,45
ciu,45
cuf,45
cyp,45
eik,45
ekn,45
elw,45
enb,45
etn,45
ihi,45
iob,45
jaw,45
jel,45
kfu,45
kot,45
kta,45
lld,45
nza,45
sfa,45
tdr,45
tfl,45
uam,45
uft,45
vee,45
vip,45
wiv,45
ygi,45
yok,45
zzo,45
alw,46
ayn,46
baz,46
bme,46
ckd,46
dbe,46
ecs,46
elh,46
enp,46
fue,46
gav,46
ggo,46
gwa,46
ieu,46
jon,46
kop,46
lox,46
rdb,46
rdn,46
uif,46
utz,46
wac,46
xpu,46
bae,47
dsp,47
efs,47
ehs,47
hyb,47
icn,47
ilp,47
lgr,47
llc,47
ngw,47
nru,47
ozy,47
rya,47
unq,47
wou,47
xto,47
ydo,47
yhe,47
yie,47
lz,48
mh,48
xl,48
aal,48
ahu,48
bti,48
cue,48
daz,48
dik,48
eew,48
eoi,48
gwo,48
hui,48
itm,48
mez,48
msi,48
nzy,48
oha,48
tih,48
toy,48
umv,48
wki,48
yat,48
yet,48
ww,49
afl,49
ayf,49
bde,49
bha,49
bmi,49
cne,49
gac,49
itn,49
kib,49
lyn,49
npu,49
owc,49
pef,49
ubf,49
ypr,49
mt,50
asq,50
baw,50
cyl,50
dsc,50
dth,50
esw,50
gns,50
htf,50
isq,50
jag,50
kre,50
mfo,50
ndh,50
nof,50
odw,50
omu,50
oxo,50
rdy,50
seh,50
toz,50
upc,50
upg,50
xyg,50
dz,51
bam,51
biv,51
biz,51
eyb,51
fag,51
fuc,51
gae,51
huf,51
hup,51
isj,51
lgo,51
lix,51
lln,51
lof,51
maj,51
naw,51
nkn,51
nsk,51
nzi,51
ouv,51
stp,51
tcr,51
tov,51
xur,51
aol,52
bca,52
bta,52
edy,52
khe,52
kul,52
luf,52
moz,52
nyi,52
rnm,52
rpt,52
sgu,52
stw,52
vam,52
wsi,52
ysh,52
yv,53
duo,53
ecy,53
eia,53
gei,53
hta,53
ilc,53
ioi,53
isn,53
jee,53
kly,53
knu,53
kri,53
ldl,53
ntm,53
pma,53
pyl,53
rnb,53
sbu,53
uko,53
pk,54
tv,54
uj,54
ccr,54
eef,54
gaw,54
iko,54
kfi,54
kyl,54
lfo,54
pty,54
rhu,54
sak,54
sov,54
tlo,54
uxi,54
vad,54
xcu,54
atw,55
cee,55
dlo,55
ehi,55
eiz,55
emy,55
eox,55
ewh,55
exs,55
fox,55
iur,55
kea,55
lha,55
lhe,55
mfu,55
mno,55
nui,55
nya,55
ofs,55
ofu,55
ohy,55
ouf,55
ppu,55
roh,55
tyi,55
yci,55
zor,55
afo,56
boe,56
bop,56
dfa,56
dse,56
eif,56
inp,56
lpo,56
lyr,56
nue,56
olm,56
osk,56
rtn,56
rtw,56
rye,56
skr,56
sut,56
syp,56
tpa,56
ubv,56
vex,56
xal,56
agy,57
aml,57
btr,57
chp,57
cym,57
ddo,57
gth,57
job,57
kep,57
lty,57
mye,57
pbo,57
pox,57
sbi,57
seo,57
ssw,57
tdo,57
uks,57
urk,57
vok,57
wen,57
wim,57
xcl,57
hg,58
auf,58
byt,58
dsi,58
esb,58
gmo,58
idr,58
ioe,58
jor,58
kba,58
nbl,58
nja,58
ogm,58
rbs,58
rld,58
sst,58
stc,58
tbu,58
ugn,58
uty,58
wet,58
ayw,59
ceb,59
cef,59
cew,59
coy,59
eja,59
ejo,59
gop,59
iya,59
kad,59
lso,59
nir,59
ntw,59
pew,59
pme,59
tfo,59
tsw,59
unu,59
xit,59
yga,59
yor,59
zot,59
hk,60
afa,60
awd,60
bdo,60
dob,60
ewr,60
eya,60
imn,60
kip,60
kur,60
nev,60
npi,60
puc,60
sbo,60
stb,60
uag,60
ucr,60
wau,60
wls,60
xem,60
xot,60
arq,61
bip,61
ckc,61
dfi,61
dha,61
dpa,61
dvi,61
eof,61
esy,61
goc,61
irb,61
ixt,61
lyo,61
nyc,61
otb,61
tga,61
bok,62
gym,62
ius,62
joc,62
kem,62
mae,62
meb,62
naz,62
ngy,62
njo,62
nze,62
oei,62
oie,62
olp,62
ssh,62
ueb,62
umf,62
wba,62
ymn,62
md,63
adg,63
buf,63
dfu,63
dov,63
dub,63
edb,63
enm,63
hya,63
isy,63
klo,63
kum,63
lsa,63
miu,63
nky,63
nud,63
nwr,63
oem,63
oob,63
rgy,63
rsw,63
rtm,63
sde,63
tfa,63
tiq,63
tym,63
ubp,63
yho,63
zas,63
sj,64
aea,64
anf,64
arh,64
bbo,64
bim,64
eim,64
eun,64
gbo,64
jig,64
kia,64
kor,64
lbe,64
mpy,64
oje,64
olc,64
uai,64
uot,64
wth,64
xor,64
ybr,64
bw,65
aub,65
axa,65
bub,65
dae,65
daw,65
dla,65
eug,65
ezz,65
heg,65
hla,65
ilf,65
llh,65
mmy,65
ntg,65
nuf,65
oap,65
oov,65
rdu,65
roj,65
sku,65
stn,65
tiu,65
uso,65
xac,65
zli,65
pg,66
ayo,66
bah,66
bry,66
egs,66
gey,66
hry,66
irg,66
kto,66
llw,66
owh,66
ptr,66
ssp,66
wam,66
wbo,66
ysp,66
mv,67
adb,67
ayb,67
bdu,67
bep,67
ckr,67
dah,67
eaz,67
eex,67
eks,67
ghb,67
hug,67
kew,67
kim,67
kro,67
llf,67
myr,67
ohi,67
oyl,67
pif,67
piz,67
rkl,67
sfi,67
sgr,67
tpr,67
tso,67
wde,67
xpa,67
hh,68
awb,68
bco,68
egn,68
gim,68
gob,68
joy,68
mug,68
ouk,68
oum,68
oyi,68
shy,68
sko,68
ugi,68
ugu,68
vec,68
yda,68
yol,68
ggy,69
gov,69
ihe,69
ilg,69
lfe,69
nhi,69
nje,69
nzo,69
owm,69
owp,69
tof,69
upb,69
vem,69
xec,69
xpr,69
yab,69
tj,70
atf,70
elc,70
foi,70
hik,70
iae,70
irn,70
jas,70
keb,70
ksi,70
lbi,70
ldr,70
myl,70
owr,70
ozz,70
rvo,70
rwi,70
sfe,70
shb,70
tah,70
teb,70
ugl,70
uiv,70
ymm,70
kc,71
agh,71
caf,71
ckm,71
cud,71
dmo,71
eaw,71
hba,71
irp,71
llm,71
map,71
nmi,71
orh,71
psu,71
rpu,71
sud,71
uac,71
uea,71
uiz,71
umn,71
vow,71
xci,71
yac,71
yog,71
nx,72
wc,72
aho,72
anh,72
bei,72
fta,72
gow,72
jer,72
lbu,72
lir,72
lpe,72
omf,72
ooc,72
orf,72
wro,72
kd,73
aec,73
atb,73
bte,73
dwi,73
gap,73
hul,73
jes,73
kou,73
lms,73
shw,73
ucu,73
wax,73
wic,73
wse,73
xti,73
arw,74
doi,74
dyl,74
eob,74
esl,74
idy,74
mys,74
nbi,74
orw,74
peg,74
pim,74
tmo,74
zoi,74
ako,75
bay,75
etl,75
hev,75
hyo,75
msh,75
obr,75
oko,75
ooe,75
ovo,75
owf,75
rek,75
tpo,75
tts,75
xce,75
yps,75
xs,76
ckp,76
eeb,76
kol,76
lcu,76
lto,76
rka,76
tco,76
ynd,76
zil,76
bp,77
adw,77
apy,77
aty,77
ehy,77
eio,77
eje,77
hmo,77
kwa,77
mip,77
nhu,77
nib,77
peo,77
rsl,77
sef,77
sht,77
tef,77
zoa,77
uh,78
cyb,78
dsm,78
etw,78
ezi,78
fad,78
jin,78
kai,78
kwo,78
lda,78
lyb,78
mah,78
may,78
ndf,78
nik,78
ofa,78
ooi,78
pam,78
pav,78
pei,78
pts,78
tsu,78
uab,78
ubj,78
yea,78
yge,78
mw,79
vv,79
abd,79
ahi,79
anq,79
ieg,79
lce,79
lwa,79
psh,79
tca,79
tsp,79
utm,79
veg,79
mc,80
aet,80
kla,80
oam,80
ofo,80
onw,80
sfo,80
ssm,80
tay,80
tge,80
uki,80
yde,80
bf,81
gd,81
ajo,81
axo,81
bap,81
dad,81
ffa,81
gig,81
hok,81
htl,81
iad,81
iaz,81
kos,81
liu,81
obj,81
taw,81
thf,81
toa,81
vau,81
vib,81
yos,81
ywa,81
yk,82
bew,82
boc,82
ddy,82
dso,82
heu,82
ndm,82
ndw,82
ply,82
rsc,82
sks,82
sof,82
tbr,82
tik,82
unv,82
wif,82
aux,83
cof,83
dbo,83
dyi,83
enw,83
eod,83
inm,83
kag,83
lho,83
meo,83
mli,83
ofl,83
ozi,83
tuc,83
wol,83
xam,83
anz,84
eei,84
fos,84
ipu,84
kam,84
kbo,84
mew,84
ndp,84
nka,84
nub,84
paw,84
pup,84
tsm,84
tzi,84
ulm,84
xat,84
yas,84
you,84
ypa,84
yze,84
hd,85
aby,85
ebb,85
emn,85
fog,85
fut,85
heb,85
hwo,85
kic,85
kna,85
leh,85
loe,85
lua,85
mei,85
rax,85
rnu,85
sue,85
tsc,85
usu,85
adh,86
dda,86
deu,86
dhe,86
ffu,86
maz,86
nwe,86
oea,86
pik,86
sba,86
ssb,86
tae,86
ygr,86
atm,87
bau,87
cak,87
ckt,87
dox,87
huc,87
mna,87
tuf,87
ulv,87
gf,88
sv,88
vy,88
aym,88
hay,88
iny,88
jol,88
kra,88
lwo,88
lya,88
nra,88
roz,88
rps,88
thn,88
ubu,88
wab,88
yng,88
ywo,88
mr,89
bby,89
cui,89
dca,89
due,89
eju,89
erj,89
fav,89
haz,89
hov,89
jan,89
rls,89
rur,89
snu,89
sug,89
viz,89
web,89
zol,89
iy,90
pd,90
aik,90
amn,90
esk,90
fei,90
pok,90
sey,90
tav,90
wav,90
won,90
xie,90
ij,91
afi,91
chw,91
euk,91
lah,91
mif,91
oxa,91
yni,91
vr,92
hyg,92
icy,92
moe,92
oka,92
onh,92
tty,92
bv,93
eic,93
lfa,93
lyg,93
oak,93
tsa,93
ugs,93
uip,93
yba,93
yx,94
aru,94
bak,94
chb,94
egm,94
esq,94
ngb,94
npl,94
ttu,94
uee,94
wak,94
zza,94
wy,95
ckf,95
elv,95
fum,95
gid,95
ika,95
inj,95
jet,95
mio,95
oho,95
onb,95
sfu,95
xil,95
xtu,95
ckh,96
goa,96
mst,96
odr,96
ryn,96
xim,96
xon,96
aha,97
ayl,97
ccl,97
igs,97
ngt,97
sbe,97
tew,97
tfi,97
tse,97
eyi,98
hew,98
inb,98
jum,98
lst,98
ngh,98
ppy,98
pum,98
tuo,98
yot,98
apu,99
bad,99
dme,99
giv,99
obt,99
pug,99
seq,99
wid,99
bn,100
rz,100
wu,100
dju,100
gst,100
inw,100
jug,100
lux,100
nsw,100
ruf,100
sre,100
vai,100
zyg,100
eft,101
eiv,101
icc,101
ilb,101
ilv,101
lul,101
luv,101
npe,101
wad,101
zel,101
dap,102
kma,102
llb,102
tok,102
tui,102
uru,102
aup,103
beh,103
cob,103
doe,103
dwo,103
exh,103
olf,103
rcr,103
rgl,103
stf,103
ubd,103
ury,103
ymb,103
yso,103
bsc,104
bui,104
cae,104
lsh,104
nlo,104
roy,104
seg,104
ssy,104
wig,104
zym,104
bsi,105
cim,105
gaz,105
hbo,105
kon,105
lil,105
max,105
mok,105
nbu,105
ooz,105
pab,105
xpo,105
ckn,106
cys,106
dau,106
fug,106
iks,106
ipr,106
mbs,106
nsf,106
seb,106
yop,106
cn,107
ii,107
iw,107
pc,107
ady,107
dba,107
dma,107
enh,107
ffr,107
gag,107
gho,107
haf,107
hut,107
iap,107
jar,107
lge,107
nak,107
nty,107
rix,107
soi,107
uke,107
vea,107
wni,107
eid,108
hfu,108
hru,108
kho,108
mau,108
mum,108
psa,108
pud,108
rfl,108
tze,108
umu,108
urm,108
vey,108
xia,108
uy,109
bud,109
dho,109
dod,109
ebl,109
feu,109
gut,109
hiv,109
hmi,109
irk,109
ldo,109
lth,109
osy,109
rwe,109
stm,109
sys,109
thw,109
ubo,109
yca,109
cag,110
cib,110
eki,110
gom,110
ifa,110
ixi,110
pio,110
ryl,110
ryt,110
sev,110
utd,110
ybe,110
hc,111
atl,111
ifu,111
nwi,111
nyl,111
onj,111
oru,111
rty,111
rym,111
ulk,111
vei,111
aen,112
dup,112
ghs,112
lba,112
lpa,112
nbr,112
otu,112
utg,112
dt,113
any,113
awi,113
bif,113
env,113
ggr,113
hyr,113
nua,113
say,113
sob,113
tla,113
vot,113
xan,113
ibo,114
lbo,114
lci,114
mee,114
mim,114
phl,114
ybo,114
acl,115
dex,115
ilk,115
mle,115
nsl,115
tbo,115
tsi,115
iam,116
kir,116
nmo,116
oye,116
sow,116
xen,116
ypn,116
ysa,116
zab,116
wp,117
bem,117
bje,117
ckw,117
eev,117
hak,117
inl,117
lyi,117
oir,117
olk,117
owt,117
soa,117
uve,117
xio,117
cky,118
eze,118
ffo,118
jus,118
ofe,118
sir,118
sos,118
vap,118
xua,118
ghi,119
ifl,119
igl,119
ilu,119
ndb,119
ntn,119
taf,119
aig,120
aum,120
cai,120
fab,120
gha,120
itz,120
ksh,120
mix,120
nav,120
oec,120
pub,120
rgu,120
rqu,120
uas,120
alf,121
bba,121
bef,121
cko,121
lax,121
rey,121
upa,121
kp,122
pw,122
rq,122
asy,122
eny,122
foc,122
fon,122
ief,122
lka,122
lmo,122
nsm,122
saf,122
suf,122
tob,122
gad,123
isd,123
ohe,123
teu,123
uds,123
rj,124
zu,124
goi,124
kni,124
lvi,124
rbl,124
rgr,124
bh,125
wf,125
aic,125
dry,125
ecc,125
lal,125
lfu,125
lgi,125
luo,125
nju,125
oel,125
phu,125
rik,125
uic,125
voi,125
ygo,125
zze,125
wm,126
acq,126
aza,126
cch,126
iew,126
lak,126
utf,126
deh,127
lks,127
myo,127
otl,127
xh,128
fix,128
ilm,128
lse,128
noe,128
smu,128
soo,128
lr,129
bug,129
hni,129
jou,129
nef,129
poe,129
ubm,129
ahe,130
dsh,130
goe,130
kid,130
lui,130
nly,130
pay,130
rbr,130
utu,130
xpl,130
zan,130
amu,131
cub,131
cya,131
lpi,131
lug,131
npa,131
rno,131
rue,131
wes,131
cty,132
dew,132
god,132
hav,132
rdr,132
rhy,132
saw,132
vig,132
wie,132
hp,133
big,133
bso,133
dua,133
fem,133
inq,133
nro,133
obu,133
reu,133
uld,133
uvi,133
kk,134
adl,134
bom,134
loq,134
ryi,134
elp,135
fam,135
gyr,135
nva,135
odg,135
oub,135
pno,135
yon,135
zzi,135
boi,136
itl,136
jam,136
kha,136
nla,136
uie,136
yls,136
aeo,137
dib,137
jur,137
lyz,137
myt,137
ndy,137
onm,137
osu,137
rfa,137
bob,138
civ,138
eaf,138
epp,138
hoa,138
kan,138
lol,138
nun,138
tad,138
ubr,138
uor,138
pm,139
awe,139
awk,139
bai,139
gib,139
sip,139
wre,139
cq,140
yh,140
bib,140
bog,140
cqu,140
eke,140
hwa,140
npo,140
ocl,140
uge,140
utw,140
gw,141
adj,141
afe,141
aya,141
lga,141
nei,141
niv,141
nri,141
ska,141
wli,141
pf,142
eil,142
gai,142
gee,142
laz,142
mne,142
nba,142
pne,142
rah,142
tsh,142
acs,143
fau,143
iru,143
joi,143
lke,143
mom,143
oog,143
rex,143
coh,144
hep,144
nus,144
oft,144
onp,144
oze,144
pog,144
yce,144
yre,144
agm,145
cun,145
dmi,145
eez,145
enr,145
sky,145
sog,145
gt,146
enz,146
rcl,146
rmu,146
seu,146
wir,146
oj,147
anl,147
fia,147
mab,147
req,147
tex,147
udo,147
gau,148
iag,148
idu,148
neb,148
pru,148
usp,148
elf,149
izo,149
mov,149
pso,149
rej,149
rox,149
agl,150
egl,150
elm,150
isr,150
pae,150
tei,150
bm,151
arv,151
eoc,151
hif,151
noo,151
otc,151
tba,151
toe,151
usk,151
ems,152
idn,152
muc,152
omn,152
pht,152
rfo,152
sew,152
wag,152
eir,153
lch,153
loy,153
ttr,153
uzz,153
isu,154
nny,154
rtr,154
sot,154
yf,155
dve,155
roe,155
tst,155
uno,155
aka,156
dai,156
dyn,156
idl,156
kst,156
lts,156
nwa,156
pau,156
azz,157
gme,157
nkl,157
oet,157
onk,157
owb,157
ptu,157
gb,158
dei,158
myc,158
onr,158
rsp,158
rsu,158
wra,158
km,159
alb,159
eog,159
hma,159
iec,159
kas,159
quo,159
ulu,159
xis,159
bse,160
eup,160
lel,160
nma,160
oas,160
oud,160
wne,160
yu,161
jun,161
nbo,161
nwo,161
odl,161
rwa,161
sui,161
tod,161
utl,161
aim,162
amy,162
lco,162
nvo,162
oya,162
thm,162
xyl,162
igm,163
lta,163
etu,164
imu,164
ioc,164
jud,164
mud,164
nnu,164
xed,164
ymi,164
yz,165
eag,165
gyn,165
irm,165
kat,165
kne,165
lew,165
lki,165
lma,165
rug,165
ync,165
aks,166
lef,166
sod,166
dag,167
isg,167
pst,167
rru,167
utp,167
yal,167
cic,168
deg,168
dwa,168
iod,168
isb,168
ozo,168
tau,168
bum,169
cei,169
etc,169
hex,169
utb,169
dst,170
fly,170
pow,170
vac,170
viv,170
awl,171
ety,171
gog,171
gum,171
mec,171
ogs,171
kf,172
pb,172
esm,172
fid,172
lva,172
tyr,172
wle,172
yno,172
td,173
aed,173
arf,173
nfr,173
rpa,173
uca,173
uph,173
upr,173
ynt,173
onu,174
rtl,174
wk,175
ags,175
did,175
law,175
lsi,175
mem,175
nbe,175
pom,175
yis,175
ypi,175
acy,176
dot,176
gus,176
oal,176
tma,176
aws,177
euc,177
hoi,177
lym,177
nae,177
nau,177
oer,177
rdl,177
ued,177
isf,178
uco,178
ulg,178
hf,179
eus,179
ubc,179
wei,179
day,180
fai,180
hig,180
lfi,180
nov,180
oed,180
ucl,180
dj,181
apr,181
boy,181
eec,181
enf,181
shu,181
tup,181
zen,181
ayi,182
diu,182
gga,182
mig,182
owa,182
xic,182
yel,182
wt,183
hoe,183
rpi,183
rys,183
yes,183
ymo,183
emm,184
fti,184
lud,184
nho,184
oit,184
raz,184
rhi,184
uou,184
zle,184
bj,185
dun,185
gab,185
hib,185
hli,185
owd,185
hno,186
ixe,186
rok,186
ao,187
ckb,187
dir,187
giz,187
ims,187
siz,187
twe,187
vio,187
dp,188
eha,188
fru,188
mam,188
mob,188
nip,188
oen,188
oys,188
ppa,188
rfi,188
upi,188
urp,188
cav,189
iba,189
orl,189
two,189
ucc,189
yra,189
fig,190
oan,190
rto,190
vab,190
adu,191
oks,191
ryp,191
sni,191
idg,192
kal,192
moi,192
rak,192
rha,192
rpl,192
ulc,192
umo,192
who,192
xer,192
awn,193
dum,193
enl,193
eom,193
onl,193
pip,193
uir,193
urv,193
ypt,193
fee,194
dgi,195
ebi,195
gir,195
lca,195
lmi,195
sav,195
lh,196
asu,196
gun,196
bid,197
eos,197
liq,197
oxe,197
urd,197
xid,197
eau,198
erk,198
kit,198
ogl,198
tak,198
teg,198
dc,199
sr,199
cht,199
uel,199
wha,199
alv,200
iog,200
pep,200
scl,200
tep,200
wai,200
exu,201
nhe,201
sas,201
dim,202
fib,202
zar,202
sd,203
bee,203
ofi,203
olt,203
rui,203
xpe,203
yar,203
buc,204
dop,204
fit,204
isk,204
lov,204
odu,204
thl,204
kt,205
dus,205
eit,205
eum,205
poc,205
iki,206
shm,206
uga,206
axe,207
cea,207
him,207
rlo,207
tut,207
wns,207
beg,208
egg,208
eor,208
ley,208
nil,208
rul,208
ubt,208
alg,209
deo,209
fts,209
nai,209
opu,209
rae,209
rla,209
aa,210
eps,210
lyt,210
nep,210
bec,211
chs,211
dee,211
mps,211
olv,211
zzl,211
aes,212
bod,212
nfu,212
rrh,212
vag,212
vou,212
auc,213
cup,213
eot,213
ivo,213
nex,213
rbu,213
sad,213
edd,214
ghe,214
kab,214
meg,214
urc,214
kw,215
adm,215
cov,215
cow,215
fet,215
had,215
hoc,215
hus,215
rwo,215
eud,216
mir,216
npr,216
upt,216
agu,217
chm,217
dur,217
goo,217
mni,217
nod,217
usa,217
vet,217
lw,218
fea,218
gru,218
haw,218
inh,218
oic,218
sua,218
ask,219
dru,219
lei,219
rfu,219
wil,219
zon,219
bab,220
edg,220
syl,220
xte,220
abu,221
efr,221
igu,221
urf,221
mf,222
hid,222
irl,222
nha,222
rup,222
sei,222
uda,222
bc,223
eek,223
ltu,223
teo,223
ulf,223
aj,224
cca,224
dys,224
ews,225
niu,225
oq,226
apl,226
hth,226
oqu,226
sif,226
elu,227
spu,227
ih,228
nuc,228
nur,228
ogo,228
pus,228
cka,229
gea,229
sag,229
sam,229
usc,229
zie,229
bow,230
cce,230
hti,230
hym,230
kno,230
nym,230
rut,230
uet,230
yma,230
eap,231
got,231
isl,232
uad,232
asa,233
emu,233
glu,233
osm,233
rfe,233
tox,233
alp,234
iev,234
abr,235
cac,235
gou,235
rgo,235
ssl,235
tax,235
sg,236
azo,236
hme,236
rpr,236
slu,236
tfu,236
unl,236
aqu,237
cif,237
hod,237
lme,237
mop,237
odd,237
sap,237
twa,237
gur,238
key,238
ehe,239
hei,239
url,239
bd,240
lyp,240
new,240
oac,240
cem,241
eav,241
fen,241
hiz,241
neg,241
nul,241
yse,241
hly,242
kel,242
nle,242
pad,242
tub,242
utc,242
cci,243
dac,243
mad,243
vor,243
ffs,244
kar,244
rly,244
uan,244
uid,244
icl,245
rud,245
xu,246
esu,246
moc,246
opy,246
efa,247
epu,247
hac,247
iop,247
ryo,247
wb,248
anu,248
ibb,248
lod,248
ody,248
oxy,248
yna,248
bag,249
exo,250
fas,250
ibu,250
ldi,250
ova,251
wri,251
eru,252
fat,252
lub,252
aq,253
deb,253
voc,253
igo,254
thu,254
uba,254
fou,255
gem,255
nno,255
ogu,255
rdo,255
sun,255
yco,255
das,256
eem,256
esa,256
mur,256
pta,256
xtr,256
ahs,257
ald,257
nid,257
yti,257
bun,258
kee,258
nvi,258
adv,259
egu,259
ipt,259
mpu,259
nfa,259
nob,259
box,260
osh,260
yph,260
ceo,261
phs,261
rda,261
eff,262
izz,262
doo,263
suc,263
yne,263
zl,264
hio,264
oup,264
yw,265
azi,265
ilt,265
uce,265
ux,266
cco,266
ebu,266
rry,266
rtu,266
fel,267
ngn,267
vid,267
xin,267
uz,268
aid,268
aso,268
gil,268
ipi,268
nks,268
pia,268
sym,268
yla,268
ymp,268
awa,269
hun,269
mbu,269
pse,269
yan,269
hb,270
efl,270
eho,270
gol,270
lae,270
pag,270
pap,270
ror,270
tus,270
tg,271
wd,271
chn,271
lur,271
oda,271
rva,271
sau,271
tow,271
df,272
fed,272
dv,273
kb,273
bru,273
ppr,273
ml,274
ior,274
rms,274
yed,274
leo,275
pai,275
unh,275
unw,275
ciz,276
dip,276
get,276
gio,276
hog,276
ogn,276
elt,277
lev,277
ppo,277
ccu,278
how,278
diz,279
iph,279
cau,280
ebe,280
tul,280
fes,281
hle,281
jac,281
rub,281
sex,281
swo,281
vul,281
nad,282
ney,282
nfl,282
rau,282
udg,282
wom,282
fun,283
iom,283
pee,283
tud,283
upl,283
yri,283
coi,285
dab,285
eut,285
lyc,285
obo,285
ocy,285
tib,285
bie,286
shr,286
ube,286
udd,286
hra,287
nut,287
rns,287
kli,288
sus,288
erh,289
oki,289
unm,289
pn,290
fyi,290
pig,290
tir,290
lds,291
miz,291
wan,291
nz,292
nsc,292
evo,293
cod,294
fte,294
tme,294
cad,295
ego,295
mpt,295
toi,295
uci,295
gia,296
now,296
syc,296
bst,297
cet,297
gos,297
hts,297
luc,297
nme,297
ouc,297
ubl,297
uer,297
vas,297
aye,298
rbe,298
ait,299
bos,299
ggl,299
jec,299
kil,299
leb,299
rhe,299
riu,299
coe,300
dif,300
hw,301
eon,301
neo,301
oty,301
poo,301
fal,302
rsa,302
wis,302
aln,303
ej,304
aze,304
kis,304
oof,304
sna,304
dil,305
iet,306
twi,306
ups,306
dou,307
hec,307
hia,307
iel,307
ltr,307
ppl,307
slo,307
asm,308
ncr,308
nqu,308
zy,309
gma,309
hau,309
hre,309
epl,310
yll,310
yto,310
efo,311
irs,311
ncu,311
shl,311
ssu,311
ipo,312
num,312
rho,312
rof,312
tun,312
aug,313
noi,313
kr,314
nq,314
ecl,314
sai,314
sep,314
hys,315
swi,315
hae,316
mmu,316
ncl,316
nem,316
oor,316
bot,317
psy,317
gua,318
mog,318
owl,318
yme,318
sop,319
bet,320
ffl,320
obs,320
rso,320
yer,320
cyt,321
edr,321
liv,321
pid,321
rki,321
via,321
cts,322
eys,322
fan,322
rci,322
rvi,322
stl,322
blu,323
doc,323
inu,323
lav,323
occ,323
cog,324
ewi,324
lue,324
cir,325
eye,325
ubi,325
gor,326
reh,326
uen,327
dh,328
bis,328
cry,328
hlo,328
lph,328
lun,328
bt,329
aer,329
dog,329
mut,329
phr,329
rpo,330
vie,330
cip,331
ipl,331
mpr,331
obl,331
rca,331
ulp,331
aem,332
enu,332
iab,332
ngo,332
nj,333
uv,333
aud,333
clu,333
opr,333
abs,334
omy,334
efe,335
eop,335
git,335
ewe,336
ewo,336
aul,337
ild,337
nfe,337
unn,337
acu,338
dev,338
dig,338
sno,338
exa,339
hur,339
igr,339
nim,339
fur,340
owi,341
ylo,341
yte,341
leu,342
swe,343
was,343
gno,344
irt,344
nig,344
ray,344
agn,346
dos,346
heo,346
ibr,346
uln,346
urt,346
zoo,346
avo,347
bic,347
vic,347
wed,347
cyc,348
aur,349
cil,349
pun,349
ssn,349
yle,349
fec,350
loa,350
mak,350
too,350
sib,351
tet,351
tz,352
apa,352
obe,353
orb,353
sac,353
chy,354
irc,354
lau,354
lap,355
oba,355
upp,355
ift,356
ipa,356
sum,356
ysi,356
kh,357
vu,357
ege,357
obb,357
ycl,357
tp,358
nen,358
edo,359
hte,359
nfi,359
nli,359
oop,359
put,359
iro,360
ntu,360
ulo,360
psi,361
whe,361
alu,362
bbl,362
edu,362
ifo,362
nsa,362
sty,362
yro,362
dam,363
lex,363
poi,363
raw,363
urb,363
vir,363
yth,363
adr,364
foo,364
ird,364
moo,364
utr,364
wit,364
aly,365
axi,365
hap,365
lep,365
lom,365
nfo,365
see,365
shn,365
cab,366
ocr,366
rar,366
exc,367
oct,367
coo,368
rpe,368
var,368
fus,369
igg,369
iot,370
gul,371
igi,371
tip,371
aga,372
oms,372
swa,372
ych,372
far,373
ido,373
ngr,374
yli,374
db,375
ku,375
osa,375
ubb,375
bir,376
gna,377
lob,377
ugg,377
opt,378
exe,379
imo,379
ndl,379
nsp,379
unf,379
abe,380
asp,380
hyt,380
iar,380
nio,380
dul,381
hai,381
xc,382
xy,383
gni,383
oul,383
spl,383
tum,383
ebr,384
fol,384
ez,385
pou,385
ubs,385
ji,386
sme,386
lve,387
mai,387
oad,387
eba,388
chu,389
iac,389
lib,389
loi,389
smi,389
sou,389
sf,390
tap,390
eld,391
mmo,391
agr,392
nap,392
nee,392
ols,392
aus,393
eds,394
sle,394
gel,395
ocu,395
ved,395
eig,396
idd,396
rks,396
sth,396
vil,397
eda,398
egr,398
nre,398
bia,399
ibe,400
pop,400
fir,401
lee,401
nct,401
nna,401
nag,402
uil,402
onv,404
ony,404
org,404
run,404
apt,407
oga,407
exi,408
mea,408
hag,409
iqu,409
ogg,409
alc,410
ewa,410
nca,410
raf,410
nog,411
pyr,411
dw,412
imb,412
eol,413
hne,413
mbi,414
div,415
pte,415
wel,415
fri,416
ske,416
hyl,417
mod,417
oil,417
bbe,418
erw,418
lid,418
tid,418
roa,419
orc,420
plu,420
ttl,420
alm,421
mba,421
wal,421
soc,422
unk,422
alk,423
cio,423
by,424
dm,424
hri,424
pto,424
iq,425
hab,425
hir,425
rke,425
det,426
tto,426
uar,427
dol,428
oes,428
sb,429
aba,429
ctr,429
fro,429
arp,431
dor,431
nki,431
hob,432
lys,432
mun,432
mbr,433
nam,433
oci,433
itc,434
tot,435
tta,435
pod,436
fli,437
inv,438
nea,438
efu,439
rle,439
set,439
sim,439
ypo,439
eel,440
off,440
ovi,440
way,441
eva,442
nga,442
rga,442
rve,442
tyl,442
une,443
asc,444
egi,444
lte,444
nec,444
sab,444
ais,445
eab,445
ige,445
ken,445
noc,446
oso,446
tne,446
nso,448
tec,448
llu,449
oos,449
tig,449
ava,450
ben,450
coa,450
but,451
chl,451
cot,451
wea,451
cut,452
eam,452
ndu,452
aps,453
uma,453
aft,454
tog,455
uls,455
aca,456
ecr,456
ada,457
mph,457
ddi,458
ios,458
ams,459
iff,459
eet,460
oug,460
roi,460
bbi,462
dde,462
urg,462
aco,463
ddl,463
rcu,463
xo,464
irr,464
lad,464
otr,464
uss,464
thy,465
ebo,466
ude,466
van,466
geo,467
ham,467
hat,467
lai,467
typ,468
gue,469
ife,470
uk,471
nve,471
onn,471
ruc,471
mus,472
nif,472
wat,472
nsh,473
cam,474
eis,474
ipe,474
kes,474
olu,474
fre,475
rov,475
unr,476
oce,477
dre,478
eso,478
reo,478
dli,479
nop,479
sla,479
unb,479
arl,480
eng,480
hit,480
lay,481
rgi,481
oom,483
dar,484
gas,484
ois,484
mid,485
mma,485
rbi,485
uis,485
cus,486
rco,486
umm,486
opl,487
try,487
yb,488
nac,488
eep,489
pur,489
rba,489
arn,490
oh,491
yg,491
umi,492
nke,493
acr,494
epe,494
rph,494
uta,494
ays,495
sig,495
gla,496
ils,496
fs,497
oco,497
lb,499
epr,499
rta,499
tam,499
ibi,500
ows,500
ira,501
mia,501
sli,501
ths,501
hop,502
neu,502
sph,502
uat,502
abb,503
ify,503
fil,504
gui,505
rew,505
eak,507
gri,507
nab,507
oat,507
aki,508
aun,508
smo,508
ado,509
oxi,509
sea,510
pir,511
rce,511
cum,512
dea,512
pea,512
unp,512
bon,513
efi,513
rst,513
tua,513
wl,514
ngu,514
ods,515
flu,516
xes,516
lde,518
mpi,518
epo,519
mos,519
vol,519
mbl,520
onf,520
dep,521
kle,521
lip,521
urn,521
eou,522
erd,522
its,522
ncy,522
sar,522
tb,523
ops,523
ots,523
rts,523
tli,523
lg,525
tn,525
reb,526
spr,527
cru,528
has,528
ecu,529
omb,529
ctu,530
rmo,530
urr,530
odo,531
rod,531
uch,531
dow,532
ues,532
iga,535
lag,536
nsu,536
pil,536
rro,539
rsh,539
ilo,540
sso,540
mbo,541
tou,542
udi,542
tea,543
uro,543
ky,545
mag,545
tf,546
api,546
edl,546
tly,546
lif,547
mbe,547
gli,548
riv,548
sia,548
yst,548
eck,549
enn,549
ndr,549
eac,552
fac,552
gam,552
bus,553
don,553
inn,553
uth,553
mn,554
ckl,554
hum,554
uit,554
ece,556
edn,556
ket,556
rsi,556
bol,558
dan,558
esp,558
bou,559
opp,559
whi,560
ydr,560
rna,561
sic,561
uin,562
wee,562
hos,565
bea,566
pac,566
rav,566
rbo,566
add,567
blo,567
oz,568
vat,569
epa,570
glo,571
oar,572
atc,573
oke,573
tag,574
itr,575
mol,576
tm,577
cta,578
ix,579
coc,581
rib,581
siv,582
ume,582
gm,585
toc,585
ek,586
opa,587
rde,591
dat,594
nel,594
boo,595
ssa,595
nol,596
pel,596
ago,597
scu,597
ced,598
sul,598
nw,599
imm,599
loo,599
osp,599
stu,599
dly,600
mmi,600
ntl,600
rob,601
hyd,602
ogy,602
cid,603
esh,603
wer,603
xa,605
cep,605
orr,605
cos,607
mpo,608
nou,608
uo,609
uct,611
sil,612
bor,613
cte,613
def,613
ggi,613
boa,614
lem,614
dge,616
ipp,616
lut,617
uli,618
ool,619
gne,620
eto,622
mpa,622
osc,622
dri,623
equ,623
ffe,623
mie,623
pra,623
rw,624
ads,624
ats,624
eph,625
eq,626
sid,626
ule,627
dio,628
rei,628
sec,628
abo,629
nor,629
rne,631
tac,631
usl,631
mac,633
gon,634
pet,634
fis,635
icr,636
sci,636
evi,637
mot,637
rli,637
amo,638
pis,638
fy,639
alt,639
exp,639
sie,639
syn,639
woo,640
dal,641
pas,642
hee,643
oon,643
usn,643
cel,644
flo,644
ook,646
rum,646
wr,647
arg,647
avi,647
ict,647
lio,647
pul,647
ush,647
hm,649
bed,649
ean,653
leg,654
kn,655
xp,656
dom,656
ffi,656
fra,657
lop,657
icu,658
pot,658
una,658
bes,659
eur,659
iri,659
sma,660
duc,664
rme,664
uff,664
tem,665
ila,666
ski,666
bur,668
ung,668
ank,671
iva,672
eer,673
ito,673
nm,674
bas,674
nan,674
not,674
pec,674
ugh,674
itu,675
nas,675
pes,677
atu,680
elo,680
ppi,680
uts,680
vit,680
lus,681
aro,682
bel,682
kie,683
pon,683
zer,683
apo,684
gge,684
tif,685
ump,687
utt,687
rif,688
fle,689
tee,691
bul,692
plo,692
isp,694
lne,694
rge,694
rig,694
ark,696
ext,697
sq,698
squ,698
bio,699
omm,699
zz,702
bly,702
ega,702
orp,702
rip,702
ory,703
opo,704
lot,705
erf,706
eca,708
old,708
usi,708
agg,709
amm,709
iol,710
rev,710
rni,710
del,711
gro,711
ype,712
agi,713
lls,713
ery,719
lv,720
aff,720
ida,720
lim,720
ota,720
rra,722
tos,723
cli,725
gar,725
ngi,727
ott,729
gan,730
ink,731
els,732
lf,734
ees,736
mpl,736
bat,737
own,737
tha,737
ape,740
clo,744
chr,745
ibl,745
ids,745
ips,745
erv,746
gic,747
ril,748
owe,749
hom,750
eci,752
ln,754
uck,754
arb,756
oro,760
arm,762
bit,762
ico,765
obi,767
emb,771
rds,771
uto,771
sly,772
mou,773
reg,773
tai,773
lab,774
nni,774
ign,775
ndo,776
ily,778
nda,778
val,779
erg,781
mil,781
hou,783
ich,784
row,784
een,785
hn,786
cki,787
gal,787
ged,787
acc,788
ork,788
xt,789
dem,789
ede,789
tas,790
pit,791
bin,792
het,793
inf,793
los,793
umb,794
nh,795
oin,795
ban,798
ept,799
urs,799
nos,803
ama,804
amb,804
gle,804
oss,804
som,804
hoo,805
lon,806
imi,808
lk,810
dne,810
cap,812
dit,812
yd,814
pal,815
lig,816
bre,817
vis,819
ien,820
np,822
ima,822
lti,823
je,825
rim,825
gre,826
lum,826
nb,829
nto,829
orn,829
pli,831
vin,831
cas,832
mel,833
rdi,835
ord,838
san,838
bla,839
bro,840
emp,840
och,840
sch,840
sel,840
tol,840
jo,842
lc,842
ko,843
atr,843
rio,844
tim,844
rte,845
ech,849
sor,849
ode,850
air,851
lik,851
sem,851
sce,855
tiz,855
ull,856
asi,858
bli,858
mme,858
ual,858
oca,859
nse,860
uni,860
nr,862
tia,862
uf,863
ute,863
hot,864
lp,866
mpe,867
nie,869
hem,870
nom,871
ied,873
nst,875
erl,877
fla,878
eed,879
hen,879
iso,880
spa,880
cit,882
aut,885
gat,885
ums,885
erp,887
ein,888
fic,888
ary,890
low,890
dn,893
rse,893
top,893
rmi,895
hel,898
rus,898
odi,899
ax,901
erb,901
dra,902
ws,903
ann,904
eth,904
lam,904
rth,906
fin,907
nds,907
ano,909
lm,914
tru,914
oy,915
hic,915
die,918
itt,928
dle,929
eal,929
ref,930
son,930
cia,932
iou,932
mit,932
mul,938
bri,940
nsi,941
sol,941
oot,943
loc,946
cie,947
omo,947
roo,948
alo,949
dg,952
oly,954
rag,956
zat,956
wn,958
amp,959
ked,962
rri,963
cur,964
pie,964
cri,966
gie,967
nth,967
cla,969
ju,970
ice,970
lou,970
bal,975
ith,975
pic,977
tw,980
onc,980
nia,982
nl,984
thr,986
uti,986
yo,987
lor,987
epi,988
esc,988
rid,988
his,990
ivi,990
rre,991
cis,997
ela,997
eh,1000
bac,1000
ond,1005
spo,1006
nco,1007
rog,1008
lia,1009
eve,1013
ong,1013
lec,1015
hyp,1018
lac,1019
ics,1020
ppe,1020
ah,1021
ike,1022
sal,1026
tit,1026
ium,1027
med,1027
nar,1027
pti,1028
ash,1032
cle,1032
rma,1032
ire,1033
ake,1034
ata,1035
kl,1036
ese,1037
ola,1037
sur,1038
yin,1039
ave,1042
ely,1043
mas,1043
ets,1044
ime,1048
rab,1049
fie,1052
sho,1053
war,1057
ars,1061
aci,1062
opi,1062
bar,1066
nv,1068
mal,1068
nne,1068
til,1068
hie,1071
eno,1072
hon,1072
ves,1076
net,1081
ny,1084
ena,1084
omp,1087
rch,1088
tle,1090
ote,1091
rol,1093
rad,1094
hil,1096
ped,1099
tti,1101
sen,1102
uns,1103
eas,1105
upe,1105
py,1106
cer,1107
ope,1115
ood,1117
rai,1117
yr,1120
cop,1120
phy,1123
dy,1124
cto,1126
hol,1126
ft,1127
ja,1128
pan,1130
iza,1132
fer,1133
sne,1135
rv,1136
ail,1136
rel,1138
niz,1139
ino,1140
oth,1141
phe,1143
dro,1145
iss,1147
lea,1147
hl,1149
spi,1150
err,1151
rer,1151
arr,1152
izi,1154
arc,1158
nci,1159
dic,1162
ern,1162
sca,1163
emo,1165
que,1167
ala,1168
mes,1168
sup,1172
oid,1173
rh,1174
scr,1174
gis,1178
roc,1178
sha,1178
oge,1180
riz,1180
az,1182
cou,1183
isc,1184
hro,1187
iu,1189
rem,1191
dec,1192
vel,1193
zo,1195
rf,1196
adi,1196
sit,1197
xe,1199
cre,1200
win,1201
pat,1202
eta,1209
sio,1210
gy,1211
ade,1217
ase,1220
cin,1222
esi,1231
ema,1239
my,1240
ane,1241
ded,1242
mor,1248
gly,1250
app,1253
qua,1255
pri,1258
hed,1260
ya,1268
let,1272
oti,1275
can,1276
sis,1278
bs,1285
als,1286
ana,1289
dia,1291
edi,1291
tel,1291
idi,1293
pha,1293
ile,1296
tab,1296
ult,1296
cs,1297
hip,1300
att,1306
hal,1306
ust,1309
ges,1312
bra,1320
ura,1323
imp,1331
sw,1334
wh,1338
oll,1338
orm,1341
osi,1343
rot,1343
cks,1346
tom,1347
zed,1348
oto,1349
yi,1351
ame,1352
eco,1352
mar,1353
ox,1354
llo,1360
yn,1367
ami,1367
por,1368
cke,1370
ett,1370
ale,1374
thi,1377
cra,1378
ntr,1378
ert,1383
ras,1383
ple,1384
yt,1385
iat,1385
pen,1386
of,1387
ye,1388
yc,1390
zes,1393
rom,1396
ifi,1398
tar,1399
ful,1400
erc,1401
den,1407
inc,1407
ace,1411
igh,1412
rep,1416
ole,1422
nch,1425
ght,1428
tch,1431
ora,1432
spe,1437
tho,1437
are,1441
hs,1443
ono,1447
ven,1456
wor,1459
rti,1460
ren,1461
unt,1468
nge,1481
col,1483
our,1485
pol,1494
gin,1497
pos,1501
nit,1505
abi,1506
sco,1508
har,1514
xi,1515
ym,1518
eat,1518
ead,1520
sat,1523
cc,1528
ock,1528
ach,1529
ias,1531
hea,1533
omi,1533
ram,1534
cen,1540
ber,1542
cor,1542
ogr,1543
ey,1544
ned,1550
han,1559
zin,1559
qui,1565
ind,1570
ick,1571
ndi,1573
ree,1573
ont,1574
cho,1575
bb,1578
ok,1578
oun,1596
hor,1601
use,1607
uri,1614
ton,1615
ger,1631
lic,1636
ngl,1643
tre,1645
eme,1647
tan,1652
mic,1653
ik,1661
cro,1667
sms,1669
ita,1671
ian,1672
unc,1683
ose,1685
ath,1695
af,1696
ker,1699
sub,1702
ear,1703
tc,1708
liz,1715
rou,1716
isa,1720
ret,1721
dd,1733
cul,1736
etr,1739
aw,1741
ain,1743
oma,1744
lla,1759
nta,1762
nic,1764
emi,1774
lie,1776
ros,1786
sk,1792
za,1795
lar,1798
rit,1799
ang,1807
mer,1809
len,1814
ral,1818
hes,1822
erm,1824
art,1830
ka,1836
rk,1848
act,1848
ost,1848
bil,1849
ssi,1849
ara,1858
ron,1859
las,1864
aph,1867
ure,1867
ht,1868
cy,1877
pin,1896
eni,1900
vo,1906
ces,1906
pla,1909
gn,1916
isi,1916
oe,1925
non,1930
ass,1934
ld,1938
tur,1938
ug,1954
end,1985
she,1987
ner,1991
nf,1993
ore,1999
sy,2006
phi,2006
age,2019
rl,2020
nk,2021
ens,2028
mon,2032
ors,2032
hu,2049
ort,2053
sn,2055
yl,2063
ete,2064
oli,2069
eti,2074
tal,2077
gg,2082
rac,2085
car,2087
sto,2108
ser,2109
ew,2111
tat,2114
lan,2126
dl,2143
ogi,2152
pho,2154
for,2155
rec,2156
tte,2157
ity,2158
ack,2165
ria,2169
ae,2172
yp,2175
eli,2175
nu,2181
fr,2183
ici,2184
nin,2185
rop,2191
com,2193
zi,2195
des,2195
anc,2203
ler,2206
ay,2213
oph,2218
hin,2219
ten,2221
ans,2222
nal,2222
ard,2229
ero,2233
nts,2237
din,2247
rap,2260
ele,2270
ini,2270
ide,2277
ona,2280
eu,2281
kin,2281
rp,2283
sed,2286
eb,2296
gen,2299
shi,2300
ial,2311
led,2312
cha,2318
ak,2323
nat,2330
ula,2334
par,2341
ud,2347
tl,2348
lle,2349
enc,2352
rg,2360
hr,2397
tiv,2402
ani,2417
und,2433
rb,2436
ina,2461
met,2462
ric,2476
gh,2479
ev,2501
cti,2507
du,2512
lly,2542
ff,2548
lli,2557
ue,2568
ome,2583
ys,2589
ins,2601
tis,2605
sts,2606
av,2611
rea,2632
cat,2642
tro,2649
ish,2668
sl,2678
oa,2680
out,2691
one,2692
chi,2695
lt,2697
gu,2709
pt,2716
ori,2717
man,2722
mm,2759
ect,2764
wo,2804
ell,2812
pu,2817
ill,2842
ite,2842
ks,2847
ef,2853
ato,2855
sta,2858
nn,2863
ib,2878
and,2878
fu,2898
wi,2907
nce,2919
pp,2930
ua,2932
mis,2945
nde,2949
mat,2965
we,2970
tie,2978
rie,2991
ei,2993
fa,2995
era,3042
mu,3060
ast,3063
sin,3067
rn,3076
ran,3108
red,3117
eg,3126
eo,3131
min,3133
ps,3134
ui,3137
nis,3154
che,3155
int,3162
log,3231
ris,3248
olo,3251
ili,3262
ub,3283
fl,3322
the,3325
uc,3326
pro,3331
str,3341
ob,3363
her,3364
pre,3368
ier,3375
ive,3388
gra,3389
ove,3403
mb,3426
go,3445
ere,3456
dr,3487
nti,3492
up,3507
ari,3519
rc,3544
nte,3574
oni,3603
va,3613
lit,3619
ex,3630
lat,3630
ism,3640
bu,3646
oi,3688
ene,3724
fe,3761
der,3762
dis,3808
sti,3813
abl,3830
cl,3834
ste,3855
gl,3875
fo,3935
rr,3942
au,3944
tri,3990
if,3996
rat,3999
hy,4009
ty,4013
ry,4024
lis,4050
ize,4055
men,4064
tra,4085
tor,4098
ow,4109
ms,4148
rd,4152
wa,4155
qu,4156
con,4176
rm,4210
ov,4240
br,4253
tes,4265
cal,4283
rin,4293
ngs,4335
ls,4377
ds,4410
ru,4438
ki,4523
ted,4557
iti,4560
ip,4565
les,4653
ble,4669
da,4679
lu,4713
ica,4717
ant,4822
all,4840
od,4852
ous,4864
ver,4963
gs,4987
cu,5006
res,5052
tt,5069
tu,5076
per,5085
vi,5113
mp,5180
sse,5181
eri,5195
ig,5238
ze,5285
do,5292
pl,5317
iv,5352
lin,5448
sm,5476
tic,5497
ga,5500
ai,5515
fi,5542
ep,5565
ir,5594
ise,5601
ali,5604
gr,5680
bo,5871
rt,5948
cr,6056
im,6088
est,6150
so,6155
um,6176
ag,6192
ine,6200
sp,6212
ons,6280
tin,6281
ee,6305
be,6421
ke,6457
su,6487
oc,6523
ck,6541
gi,6566
oo,6587
ba,6699
ct,6709
ist,6720
bi,6803
iz,6829
ad,6984
sc,7013
sa,7172
ap,7189
ut,7356
ent,7362
og,7715
id,7743
pi,7918
bl,7933
am,8073
ate,8084
ci,8100
em,8248
ab,8367
mo,8490
ses,8504
pa,8622
ot,8626
pr,8639
nc,8650
po,8664
ph,8755
op,8757
tio,8976
ul,9061
ec,9071
ge,9119
ce,9195
no,9281
ha,9431
sh,9436
ter,9760
nd,9929
ts,9978
ho,10094
os,10159
ies,10277
ur,10309
ia,10340
th,10349
nes,10386
om,10471
hi,10483
ers,10602
ea,10685
us,10730
na,10770
ess,10811
ly,10856
ion,10920
ati,11194
ac,11227
ve,11722
il,11801
pe,12000
si,12341
mi,12378
ma,12605
ou,12645
ol,12835
et,12842
ll,12952
el,13063
lo,13218
un,13339
me,13557
ch,13593
to,13644
tr,13697
di,13726
he,13841
ta,13870
ca,14349
as,14459
ni,14510
ns,14635
rs,14803
io,15023
ss,15032
de,16027
co,16225
la,16594
it,16879
ie,17692
nt,18265
ro,19139
or,19559
ic,20014
ar,21547
se,21797
ne,22278
ra,23823
le,23833
an,24084
al,24598
li,24947
en,25128
ri,25235
ing,26074
ed,26284
st,26313
on,28661
re,28803
is,29494
at,29615
ng,29758
te,29802
ti,34676
er,48513
in,49801
es,53676
